Date,Site Name,Status,Overpassing Time (Local),Overpassing Time (UTC),Overpassing Satellite,Detected Emission Rate in kg/hr,Detected Emission Rate Low in kg/hr,Detected Emission Rate High in kg/hr,Latitude (source location),Longitude (source location),Cloud Cover in %,Wind Speed in m/s,Wind Direction in Â°
2024-10-28,ACKERLY BOND 23A BATTERY,OVERPASS - NO USABLE DATA - CLOUDS,12:34:51,17:34:51,S2,,,,,,100.0,,
2024-10-28,ACKERLY BROWN -9- BATTERY,OVERPASS - NO USABLE DATA - CLOUDS,12:34:51,17:34:51,S2,,,,,,100.0,,
2024-10-28,ACKERLY DAVENPORT -16A- BATTERY,OVERPASS - NO USABLE DATA - CLOUDS,12:34:51,17:34:51,S2,,,,,,79.0,,
2024-10-28,ACKERLY HALE -29- BATTERY,OVERPASS - NO USABLE DATA - CLOUDS,12:34:51,17:34:51,S2,,,,,,79.0,,
2024-10-28,ACKERLY LANGHAM -24- BATTERY,OVERPASS - NO USABLE DATA - CLOUDS,12:34:51,17:34:51,S2,,,,,,100.0,,
2024-10-28,ACKERLY PAD 2,OVERPASS - NO USABLE DATA - CLOUDS,12:34:51,17:34:51,S2,,,,,,100.0,,
2024-10-28,ACKERLY STOKES -21- BATTERY,OVERPASS - NO USABLE DATA - CLOUDS,12:34:51,17:34:51,S2,,,,,,79.0,,
2024-10-28,ACKERLY WIGGINS -30- BATTERY,OVERPASS - NO USABLE DATA - CLOUDS,12:34:51,17:34:51,S2,,,,,,79.0,,
2024-10-28,ADAMS -37A- BATTERY,OVERPASS - NO USABLE DATA - CLOUDS,12:34:51,17:34:51,S2,,,,,,79.0,,
2024-10-28,ADAMS 38 BATTERY,OVERPASS - NO USABLE DATA - CLOUDS,12:34:51,17:34:51,S2,,,,,,79.0,,
2024-10-28,ADAMS 43A BATTERY,OVERPASS - NO DETECTION,12:34:51,17:34:51,S2,,,,,,16.0,,
2024-10-28,ADAMS 47 BATTERY,OVERPASS - NO USABLE DATA - CLOUDS,12:34:51,17:34:51,S2,,,,,,79.0,,
2024-10-28,ADAMS NS 43-6 01 BATTERY,OVERPASS - NO DETECTION,12:34:51,17:34:51,S2,,,,,,16.0,,
2024-10-28,ADAMS UNIT BATTERY,OVERPASS - NO DETECTION,12:34:51,17:34:51,S2,,,,,,16.0,,
2024-10-28,AGGIE BATTERY,NO OVERPASS,,,,,,,,,,,
2024-10-28,AIRSTRIP BATTERY,OVERPASS - NO USABLE DATA - CLOUDS,12:35:05,17:35:05,S2,,,,,,94.0,,
2024-10-28,ALAMEDA BATTERY,NO OVERPASS,,,,,,,,,,,
2024-10-28,ALAMEDA STATE UNIT 54-8-1 601H (1WP),NO OVERPASS,,,,,,,,,,,
2024-10-28,ALAMEDA STATE UNIT 54-8-1 602H (1WP),NO OVERPASS,,,,,,,,,,,
2024-10-28,ALAMEDA STATE UNIT 54-8-1 603H (1WP),NO OVERPASS,,,,,,,,,,,
2024-10-28,ALAMEDA STATE UNIT 54-8-1 604H (1WP),NO OVERPASS,,,,,,,,,,,
2024-10-28,ALAMEDA STATE UNIT 54-8-1 605H (1WP),NO OVERPASS,,,,,,,,,,,
2024-10-28,ALAMEDA STATE UNIT 54-8-1 606H (1WP),NO OVERPASS,,,,,,,,,,,
2024-10-28,ALEXANDER 4-45 1H BATTERY,NO OVERPASS,,,,,,,,,,,
2024-10-28,ALEXANDER 4-45 2H BATTERY,NO OVERPASS,,,,,,,,,,,
2024-10-28,ALLAR 15 BATTERY,OVERPASS - NO USABLE DATA - CLOUDS,12:35:05,17:35:05,S2,,,,,,23.0,,
2024-10-28,ALLAR 25-1 BATTERY,OVERPASS - NO USABLE DATA - CLOUDS,12:35:05,17:35:05,S2,,,,,,23.0,,
2024-10-28,ALLAR 25-2 BATTERY,OVERPASS - NO USABLE DATA - CLOUDS,12:35:05,17:35:05,S2,,,,,,23.0,,
2024-10-28,ALLAR 37A BATTERY,OVERPASS - NO DETECTION,12:35:05,17:35:05,S2,,,,,,13.0,,
2024-10-28,ALTAI H BATTERY,NO OVERPASS,,,,,,,,,,,
2024-10-28,ALTURA BATTERY,NO OVERPASS,,,,,,,,,,,
2024-10-28,AMANDA BATTERY,NO OVERPASS,,,,,,,,,,,
2024-10-28,AMBUSH 45 BATTERY,NO OVERPASS,,,,,,,,,,,
2024-10-28,AMOCO HOLT HZ BATTERY,OVERPASS - NO USABLE DATA - CLOUDS,12:34:51,17:34:51,S2,,,,,,39.0,,
2024-10-28,ANDERSON 11 BATTERY,OVERPASS - NO DETECTION,12:35:05,17:35:05,S2,,,,,,2.0,,
2024-10-28,ANDERSON BATTERY,OVERPASS - NO DETECTION,12:35:05,17:35:05,S2,,,,,,2.0,,
2024-10-28,ANDY BATTERY,OVERPASS - NO DETECTION,12:35:07,17:35:07,S2,,,,,,12.0,,
2024-10-28,ANN COLE TRUST CTB,OVERPASS - NO USABLE DATA - CLOUDS,12:35:05,17:35:05,S2,,,,,,94.0,,
2024-10-28,ARMORY BATTERY,OVERPASS - NO USABLE DATA - CLOUDS,12:35:05,17:35:05,S2,,,,,,100.0,,
2024-10-28,ARMSTRONG H BATTERY,NO OVERPASS,,,,,,,,,,,
2024-10-28,ARMSTRONG STATE 4 1H BATTERY,NO OVERPASS,,,,,,,,,,,
2024-10-28,ARNOLD BATTERY,OVERPASS - NO USABLE DATA - CLOUDS,12:34:51,17:34:51,S2,,,,,,100.0,,
2024-10-28,ARROW 22-27 5&6 (6WP),OVERPASS - NO USABLE DATA - CLOUDS,12:35:05,17:35:05,S2,,,,,,100.0,,
2024-10-28,AVERITT 1 BATTERY,OVERPASS - NO DETECTION,12:35:07,17:35:07,S2,,,,,,12.0,,
2024-10-28,AVERITT BATTERY,OVERPASS - NO DETECTION,12:35:07,17:35:07,S2,,,,,,12.0,,
2024-10-28,AYERS BATTERY,NO OVERPASS,,,,,,,,,,,
2024-10-28,AYERS UNIT 24-1H BATTERY,NO OVERPASS,,,,,,,,,,,
2024-10-28,AZTECA/OBERLANDER (2 WELL PAD),NO OVERPASS,,,,,,,,,,,
2024-10-28,BADFISH PAD (8WP),OVERPASS - NO USABLE DATA - CLOUDS,12:35:05,17:35:05,S2,,,,,,91.0,,
2024-10-28,BADFISH/LOOMIS PAD (8WP),OVERPASS - NO USABLE DATA - CLOUDS,12:35:05,17:35:05,S2,,,,,,91.0,,
2024-10-28,BAKE #1 A BATTERY,OVERPASS - NO USABLE DATA - CLOUDS,12:35:05,17:35:05,S2,,,,,,94.0,,
2024-10-28,BAKE #1 BATTERY,OVERPASS - NO USABLE DATA - CLOUDS,12:35:05,17:35:05,S2,,,,,,94.0,,
2024-10-28,BAKER 46 BATTERY,OVERPASS - NO USABLE DATA - CLOUDS,12:34:51,17:34:51,S2,,,,,,79.0,,
2024-10-28,BANK CTB,OVERPASS - NO USABLE DATA - CLOUDS,12:35:05,17:35:05,S2,,,,,,94.0,,
2024-10-28,BANKER PAD 2 (2WP),NO OVERPASS,,,,,,,,,,,
2024-10-28,BANKER PAD 3 (4WP),NO OVERPASS,,,,,,,,,,,
2024-10-28,BARB 10 BATTERY,NO OVERPASS,,,,,,,,,,,
2024-10-28,BARNEY BATTERY,OVERPASS - NO USABLE DATA - CLOUDS,12:35:07,17:35:07,S2,,,,,,50.0,,
2024-10-28,BARSTOW 33-33 H BATTERY,NO OVERPASS,,,,,,,,,,,
2024-10-28,BEATRIZ (50) BATTERY,OVERPASS - NO USABLE DATA - CLOUDS,12:35:07,17:35:07,S2,,,,,,31.0,,
2024-10-28,BEAUJOLAIS BATTERY,OVERPASS - NO USABLE DATA - CLOUDS,12:34:51,17:34:51,S2,,,,,,23.0,,
2024-10-28,BEDWELL 15 BATTERY,OVERPASS - NO USABLE DATA - CLOUDS,12:35:05,17:35:05,S2,,,,,,73.0,,
2024-10-28,BENTON #2 BATTERY,NO OVERPASS,,,,,,,,,,,
2024-10-28,BESSIE 44-41 PAD,OVERPASS - NO USABLE DATA - CLOUDS,12:35:05,17:35:05,S2,,,,,,56.00000000000001,,
2024-10-28,BESSIE 44-41 PAD 3,OVERPASS - NO USABLE DATA - CLOUDS,12:35:05,17:35:05,S2,,,,,,56.00000000000001,,
2024-10-28,BIG JAKE BATTERY,OVERPASS - NO USABLE DATA - CLOUDS,12:35:05,17:35:05,S2,,,,,,94.0,,
2024-10-28,BIG MAX 23 SE BATTERY,OVERPASS - NO USABLE DATA - CLOUDS,12:35:07,17:35:07,S2,,,,,,35.0,,
2024-10-28,BIG MAX 23 SW BATTERY,OVERPASS - NO USABLE DATA - CLOUDS,12:35:07,17:35:07,S2,,,,,,35.0,,
2024-10-28,BIG MAX 24 NW BATTERY,NO OVERPASS,,,,,,,,,,,
2024-10-28,BIG MAX 24 SE BATTERY,NO OVERPASS,,,,,,,,,,,
2024-10-28,BIG MAX 24 SW BATTERY,NO OVERPASS,,,,,,,,,,,
2024-10-28,BIG MAX 25 NE BATTERY,OVERPASS - NO USABLE DATA - CLOUDS,12:35:07,17:35:07,S2,,,,,,35.0,,
2024-10-28,BIG MAX 25 NW BATTERY,NO OVERPASS,,,,,,,,,,,
2024-10-28,BIG MAX 25 SE BATTERY,OVERPASS - NO USABLE DATA - CLOUDS,12:35:07,17:35:07,S2,,,,,,35.0,,
2024-10-28,BIG MAX 26 NW BATTERY,OVERPASS - NO USABLE DATA - CLOUDS,12:35:07,17:35:07,S2,,,,,,35.0,,
2024-10-28,BIG MAX 26 SE BATTERY,OVERPASS - NO USABLE DATA - CLOUDS,12:35:07,17:35:07,S2,,,,,,35.0,,
2024-10-28,BIG VALLEY 6-20 BATTERY,NO OVERPASS,,,,,,,,,,,
2024-10-28,BILLIE RUTH ADAMS 38 BATTERY,OVERPASS - NO USABLE DATA - CLOUDS,12:34:51,17:34:51,S2,,,,,,79.0,,
2024-10-28,BINKLEY 37 1H BATTERY,NO OVERPASS,,,,,,,,,,,
2024-10-28,BISCUIT 18 BATTERY,OVERPASS - NO USABLE DATA - CLOUDS,12:35:05,17:35:05,S2,,,,,,23.0,,
2024-10-28,BLACK CTB,OVERPASS - NO USABLE DATA - CLOUDS,12:35:05,17:35:05,S2,,,,,,91.0,,
2024-10-28,BLACK D 1 BATTERY,NO OVERPASS,,,,,,,,,,,
2024-10-28,BLACK MAMBA BATTERY,NO OVERPASS,,,,,,,,,,,
2024-10-28,BLACK STONE 1 2H BATTERY,NO OVERPASS,,,,,,,,,,,
2024-10-28,BLACK STONE 101 BATTERY,NO OVERPASS,,,,,,,,,,,
2024-10-28,BLACK STONE 2-11 1H BATTERY,NO OVERPASS,,,,,,,,,,,
2024-10-28,BLACK STONE 6 1H BATTERY,NO OVERPASS,,,,,,,,,,,
2024-10-28,BLACK STONE H BATTERY,NO OVERPASS,,,,,,,,,,,
2024-10-28,BLACK STONE STATE 12 2H BATTERY,NO OVERPASS,,,,,,,,,,,
2024-10-28,BLACKFOOT EAST 705JM/705LS/ (2WP),OVERPASS - NO DETECTION,12:35:05,17:35:05,S2,,,,,,0.0,,
2024-10-28,BLACKFOOT EAST 706 (4 WP),OVERPASS - NO DETECTION,12:35:05,17:35:05,S2,,,,,,0.0,,
2024-10-28,BLACKFOOT EAST 707 (4WP),OVERPASS - NO DETECTION,12:35:05,17:35:05,S2,,,,,,0.0,,
2024-10-28,BLACKFOOT EAST_WEST 700S 4 WELL PAD,OVERPASS - NO DETECTION,12:35:05,17:35:05,S2,,,,,,0.0,,
2024-10-28,BLACKFOOT H BATTERY,OVERPASS - NO DETECTION,12:35:05,17:35:05,S2,,,,,,0.0,,
2024-10-28,BLACKFOOT WEST 701/702 (1WP),OVERPASS - NO DETECTION,12:35:05,17:35:05,S2,,,,,,0.0,,
2024-10-28,BLAIR B BATTERY,NO OVERPASS,,,,,,,,,,,
2024-10-28,BLAZER 14 BATTERY,NO OVERPASS,,,,,,,,,,,
2024-10-28,BLOCK HA 7 BATTERY,OVERPASS - NO USABLE DATA - CLOUDS,12:34:51,17:34:51,S2,,,,,,39.0,,
2024-10-28,BLOCK HA 701-702,OVERPASS - NO USABLE DATA - CLOUDS,12:34:51,17:34:51,S2,,,,,,39.0,,
2024-10-28,BLUEGILL 42 BATTERY,OVERPASS - NO USABLE DATA - CLOUDS,12:35:05,17:35:05,S2,,,,,,100.0,,
2024-10-28,BOMBARDIER A UNIT,OVERPASS - NO DETECTION,12:35:07,17:35:07,S2,,,,,,13.0,,
2024-10-28,BOMBARDIER A/B 405/406/407/406 LS/WA (4WP),OVERPASS - NO DETECTION,12:35:07,17:35:07,S2,,,,,,13.0,,
2024-10-28,BOMBARDIER H BATTERY,OVERPASS - NO USABLE DATA - CLOUDS,12:35:07,17:35:07,S2,,,,,,28.999999999999996,,
2024-10-28,BOTSFORD -25- BATTERY,OVERPASS - NO USABLE DATA - CLOUDS,12:34:51,17:34:51,S2,,,,,,79.0,,
2024-10-28,BRADLEY 200 (3WP),OVERPASS - NO USABLE DATA - CLOUDS,12:35:05,17:35:05,S2,,,,,,84.0,,
2024-10-28,BRADLEY/BRADLEY 2 101/102/103 (3WP),OVERPASS - NO USABLE DATA - CLOUDS,12:35:05,17:35:05,S2,,,,,,84.0,,
2024-10-28,BRADY 56 BATTERY,NO OVERPASS,,,,,,,,,,,
2024-10-28,BREEDLOVE MABEE 2,OVERPASS - NO USABLE DATA - CLOUDS,12:34:51,17:34:51,S2,,,,,,39.0,,
2024-10-28,BRIGHAM 3-10 1H BATTERY,NO OVERPASS,,,,,,,,,,,
2024-10-28,BRONZE 6-15 BATTERY,NO OVERPASS,,,,,,,,,,,
2024-10-28,BROOKS CTB,OVERPASS - NO USABLE DATA - CLOUDS,12:35:05,17:35:05,S2,,,,,,94.0,,
2024-10-28,BROWN & MARTIN H BATTERY,OVERPASS - NO USABLE DATA - CLOUDS,12:34:51,17:34:51,S2,,,,,,23.0,,
2024-10-28,BROWN 13 BATTERY,OVERPASS - NO USABLE DATA - CLOUDS,12:35:05,17:35:05,S2,,,,,,55.00000000000001,,
2024-10-28,BROWN 23 BATTERY,OVERPASS - NO DETECTION,12:35:05,17:35:05,S2,,,,,,0.0,,
2024-10-28,BRUNSON B5 BATTERY,OVERPASS - NO USABLE DATA - CLOUDS,12:35:05,17:35:05,S2,,,,,,100.0,,
2024-10-28,BRUNSON BATTERY,OVERPASS - NO USABLE DATA - CLOUDS,12:35:05,17:35:05,S2,,,,,,100.0,,
2024-10-28,BRUNSON C & E BATTERY,OVERPASS - NO USABLE DATA - CLOUDS,12:35:05,17:35:05,S2,,,,,,100.0,,
2024-10-28,BRUNSON J BATTERY,OVERPASS - NO USABLE DATA - CLOUDS,12:35:05,17:35:05,S2,,,,,,100.0,,
2024-10-28,BUCK (AK) 1LB/2LA/3LL/4UL (4WP),OVERPASS - NO USABLE DATA - CLOUDS,12:35:05,17:35:05,S2,,,,,,96.0,,
2024-10-28,BUCK (AK) 5LB/6LA/7LL/8UL (4WP),OVERPASS - NO USABLE DATA - CLOUDS,12:35:05,17:35:05,S2,,,,,,96.0,,
2024-10-28,BUSH VIPER BATTERY,NO OVERPASS,,,,,,,,,,,
2024-10-28,BUSHMASTER BATTERY,NO OVERPASS,,,,,,,,,,,
2024-10-28,BUSHWACKER BATTERY,NO OVERPASS,,,,,,,,,,,
2024-10-28,BUTTE BATTERY,OVERPASS - NO DETECTION,12:35:05,17:35:05,S2,,,,,,0.0,,
2024-10-28,CABERNET BATTERY,OVERPASS - NO USABLE DATA - CLOUDS,12:34:51,17:34:51,S2,,,,,,23.0,,
2024-10-28,CALVERLEY 12 BATTERY,OVERPASS - NO USABLE DATA - CLOUDS,12:35:05,17:35:05,S2,,,,,,100.0,,
2024-10-28,CALVERLEY 24 BATTERY,OVERPASS - NO USABLE DATA - CLOUDS,12:35:05,17:35:05,S2,,,,,,100.0,,
2024-10-28,CALVERLEY 27 BATTERY,OVERPASS - NO USABLE DATA - CLOUDS,12:35:05,17:35:05,S2,,,,,,100.0,,
2024-10-28,CALVERLEY 30 BATTERY,OVERPASS - NO USABLE DATA - CLOUDS,12:35:05,17:35:05,S2,,,,,,100.0,,
2024-10-28,CALVERLEY 4 BATTERY,OVERPASS - NO USABLE DATA - CLOUDS,12:35:05,17:35:05,S2,,,,,,100.0,,
2024-10-28,CALVERLEY B BATTERY,OVERPASS - NO USABLE DATA - CLOUDS,12:35:05,17:35:05,S2,,,,,,100.0,,
2024-10-28,CALVERLEY BATTERY,OVERPASS - NO USABLE DATA - CLOUDS,12:35:05,17:35:05,S2,,,,,,100.0,,
2024-10-28,CAMPBELL 0103 BATTERY,OVERPASS - NO USABLE DATA - CLOUDS,12:35:05,17:35:05,S2,,,,,,84.0,,
2024-10-28,CAMPBELL 83 BATTERY,OVERPASS - NO USABLE DATA - CLOUDS,12:35:05,17:35:05,S2,,,,,,96.0,,
2024-10-28,CAMPBELL B BATTERY,OVERPASS - NO USABLE DATA - CLOUDS,12:35:05,17:35:05,S2,,,,,,96.0,,
2024-10-28,CAMPBELL BATTERY,OVERPASS - NO USABLE DATA - CLOUDS,12:35:05,17:35:05,S2,,,,,,96.0,,
2024-10-28,CAMPBELL WEST BATTERY,OVERPASS - NO USABLE DATA - CLOUDS,12:35:05,17:35:05,S2,,,,,,96.0,,
2024-10-28,CAMPBELL WEST SN 134-321 BATTERY,OVERPASS - NO USABLE DATA - CLOUDS,12:35:05,17:35:05,S2,,,,,,83.0,,
2024-10-28,CANYONLAND H BATTERY,NO OVERPASS,,,,,,,,,,,
2024-10-28,CARPENTER/STEELHEAD BATTERY,NO OVERPASS,,,,,,,,,,,
2024-10-28,CASPIAN 19-20 1WA (1WP),NO OVERPASS,,,,,,,,,,,
2024-10-28,CASPIAN 19-20 3WA/4TO (2WP),NO OVERPASS,,,,,,,,,,,
2024-10-28,CASPIAN BATTERY,NO OVERPASS,,,,,,,,,,,
2024-10-28,CASTLE 2X BATTERY,OVERPASS - NO USABLE DATA - CLOUDS,12:35:05,17:35:05,S2,,,,,,99.0,,
2024-10-28,CATALINA MIXER H BATTERY,OVERPASS - NO USABLE DATA - CLOUDS,12:34:51,17:34:51,S2,,,,,,39.0,,
2024-10-28,CENTRAL BATTERY,OVERPASS - NO DETECTION,12:35:07,17:35:07,S2,,,,,,12.0,,
2024-10-28,CHABLIS /BLOCK HA 7 (10WP),OVERPASS - NO USABLE DATA - CLOUDS,12:34:51,17:34:51,S2,,,,,,39.0,,
2024-10-28,CHABLIS 1&2 (4WP),OVERPASS - NO USABLE DATA - CLOUDS,12:34:51,17:34:51,S2,,,,,,39.0,,
2024-10-28,CHABLIS 3&4 (4WP),OVERPASS - NO USABLE DATA - CLOUDS,12:34:51,17:34:51,S2,,,,,,39.0,,
2024-10-28,CHABLIS BATTERY,OVERPASS - NO USABLE DATA - CLOUDS,12:34:51,17:34:51,S2,,,,,,39.0,,
2024-10-28,CHAMONIX PAD 1 (6WP),OVERPASS - NO USABLE DATA - CLOUDS,12:35:05,17:35:05,S2,,,,,,96.0,,
2024-10-28,CHAMONIX WEST PAD 1 (5WP),OVERPASS - NO USABLE DATA - CLOUDS,12:35:05,17:35:05,S2,,,,,,96.0,,
2024-10-28,CHAMONIX/JOHN FRANKLIN (6WP),OVERPASS - NO USABLE DATA - CLOUDS,12:35:05,17:35:05,S2,,,,,,96.0,,
2024-10-28,"CHARDONNAY 9 1WA, 1JM, 2WAM 2LS & 2MS SL PAD SITE",OVERPASS - NO USABLE DATA - CLOUDS,12:34:51,17:34:51,S2,,,,,,23.0,,
2024-10-28,CHARDONNAY 9 3JM LU,OVERPASS - NO USABLE DATA - CLOUDS,12:34:51,17:34:51,S2,,,,,,23.0,,
2024-10-28,CHARLIN 3946 (4WP),OVERPASS - NO USABLE DATA - CLOUDS,12:35:07,17:35:07,S2,,,,,,21.0,,
2024-10-28,CHECKERS STATE BATTERY,NO OVERPASS,,,,,,,,,,,
2024-10-28,CLARENCE SCHARBAUER 34 BATTERY,OVERPASS - NO USABLE DATA - CLOUDS,12:35:07,17:35:07,S2,,,,,,28.999999999999996,,
2024-10-28,CLARK - BATTERY,OVERPASS - NO USABLE DATA - CLOUDS,12:35:05,17:35:05,S2,,,,,,100.0,,
2024-10-28,CLARK CATTAIL BATTERY,OVERPASS - NO USABLE DATA - CLOUDS,12:35:05,17:35:05,S2,,,,,,20.0,,
2024-10-28,CLARK LC ESTATE BATTERY,OVERPASS - NO USABLE DATA - CLOUDS,12:35:05,17:35:05,S2,,,,,,100.0,,
2024-10-28,COBRA NORTH H BATTERY,OVERPASS - NO USABLE DATA - CLOUDS,12:34:51,17:34:51,S2,,,,,,79.0,,
2024-10-28,COBRA SOUTH H BATTERY,OVERPASS - NO DETECTION,12:35:05,17:35:05,S2,,,,,,0.0,,
2024-10-28,COLDBLOOD BATTERY,NO OVERPASS,,,,,,,,,,,
2024-10-28,COLE 6 CTB,OVERPASS - NO USABLE DATA - CLOUDS,12:35:05,17:35:05,S2,,,,,,94.0,,
2024-10-28,COLE RANCH -35- (113) BATTERY,OVERPASS - NO USABLE DATA - CLOUDS,12:35:05,17:35:05,S2,,,,,,100.0,,
2024-10-28,COLE RANCH -40- (115) BATTERY,OVERPASS - NO USABLE DATA - CLOUDS,12:35:05,17:35:05,S2,,,,,,100.0,,
2024-10-28,COLE RANCH -41- (116) BATTERY,OVERPASS - NO USABLE DATA - CLOUDS,12:35:05,17:35:05,S2,,,,,,100.0,,
2024-10-28,COLE RANCH -44- (117) BATTERY,OVERPASS - NO USABLE DATA - CLOUDS,12:35:05,17:35:05,S2,,,,,,100.0,,
2024-10-28,COLE RANCH -45- (118) BATTERY,OVERPASS - NO USABLE DATA - CLOUDS,12:35:05,17:35:05,S2,,,,,,100.0,,
2024-10-28,COLLINGSWORTH 3625 A/B 002/202/102 H (3WP),OVERPASS - NO DETECTION,12:35:07,17:35:07,S2,,,,,,12.0,,
2024-10-28,COLLINGSWORTH 3625 C/D 101/201/001 H (3WP),OVERPASS - NO DETECTION,12:35:07,17:35:07,S2,,,,,,12.0,,
2024-10-28,COLLINGSWORTH BATTERY,OVERPASS - NO DETECTION,12:35:07,17:35:07,S2,,,,,,12.0,,
2024-10-28,COLT BATTERY,NO OVERPASS,,,,,,,,,,,
2024-10-28,CORA CTB,OVERPASS - NO USABLE DATA - CLOUDS,12:35:05,17:35:05,S2,,,,,,99.0,,
2024-10-28,CORSICAN BATTERY,NO OVERPASS,,,,,,,,,,,
2024-10-28,CORSICAN PAD 1 (4WP),NO OVERPASS,,,,,,,,,,,
2024-10-28,COTHAM 21 BATTERY,OVERPASS - NO USABLE DATA - CLOUDS,12:34:51,17:34:51,S2,,,,,,23.0,,
2024-10-28,COURTNEY BATTERY,OVERPASS - NO DETECTION,12:35:07,17:35:07,S2,,,,,,12.0,,
2024-10-28,COURTNEY COWDEN 1 BATTERY,OVERPASS - NO DETECTION,12:35:05,17:35:05,S2,,,,,,0.0,,
2024-10-28,COWDEN 2 BATTERY,OVERPASS - NO DETECTION,12:35:07,17:35:07,S2,,,,,,0.0,,
2024-10-28,COWDEN BATTERY,OVERPASS - NO DETECTION,12:35:05,17:35:05,S2,,,,,,0.0,,
2024-10-28,COWPOKE BATTERY,NO OVERPASS,,,,,,,,,,,
2024-10-28,CP-ACKERLY-19- BATTERY,OVERPASS - NO USABLE DATA - CLOUDS,12:34:51,17:34:51,S2,,,,,,100.0,,
2024-10-28,CP-BARBER OIL AND GAS BATTERY,OVERPASS - NO USABLE DATA - CLOUDS,12:34:51,17:34:51,S2,,,,,,79.0,,
2024-10-28,CP-PERRY OIL BATTERY,OVERPASS - NO USABLE DATA - CLOUDS,12:34:51,17:34:51,S2,,,,,,100.0,,
2024-10-28,CROSS 36 A-1 BATTERY,OVERPASS - NO USABLE DATA - CLOUDS,12:35:05,17:35:05,S2,,,,,,91.0,,
2024-10-28,CTL O'BRIEN ET AL BATTERY,OVERPASS - NO USABLE DATA - CLOUDS,12:34:51,17:34:51,S2,,,,,,23.0,,
2024-10-28,CUMBERLAND 34 BATTERY,OVERPASS - NO USABLE DATA - CLOUDS,12:35:07,17:35:07,S2,,,,,,28.999999999999996,,
2024-10-28,CUMBERLAND BATTERY,OVERPASS - NO USABLE DATA - CLOUDS,12:35:07,17:35:07,S2,,,,,,28.999999999999996,,
2024-10-28,CUMBERLAND RANCH-SCHARBAUER BATTERY,OVERPASS - NO USABLE DATA - CLOUDS,12:35:07,17:35:07,S2,,,,,,33.0,,
2024-10-28,D EVANS BATTERY,OVERPASS - NO DETECTION,12:35:05,17:35:05,S2,,,,,,0.0,,
2024-10-28,DAISY H BATTERY,NO OVERPASS,,,,,,,,,,,
2024-10-28,DAMSELFLY H BATTERY,OVERPASS - NO USABLE DATA - CLOUDS,12:35:05,17:35:05,S2,,,,,,91.0,,
2024-10-28,DANIEL -10- (146) BATTERY,OVERPASS - NO USABLE DATA - CLOUDS,12:35:05,17:35:05,S2,,,,,,100.0,,
2024-10-28,DANIEL -11- (148) BATTERY,OVERPASS - NO USABLE DATA - CLOUDS,12:35:05,17:35:05,S2,,,,,,100.0,,
2024-10-28,DANIEL -14- (149) BATTERY,OVERPASS - NO USABLE DATA - CLOUDS,12:35:05,17:35:05,S2,,,,,,100.0,,
2024-10-28,DANIEL -16- (150) BATTERY,OVERPASS - NO USABLE DATA - CLOUDS,12:35:05,17:35:05,S2,,,,,,100.0,,
2024-10-28,DANIEL -2- (151) BATTERY,OVERPASS - NO USABLE DATA - CLOUDS,12:35:05,17:35:05,S2,,,,,,100.0,,
2024-10-28,DANIEL -21- (152) BATTERY,OVERPASS - NO USABLE DATA - CLOUDS,12:35:05,17:35:05,S2,,,,,,100.0,,
2024-10-28,DANIEL -21A- (153) BATTERY,OVERPASS - NO USABLE DATA - CLOUDS,12:35:05,17:35:05,S2,,,,,,100.0,,
2024-10-28,DANIEL -22- (155) BATTERY,OVERPASS - NO USABLE DATA - CLOUDS,12:35:05,17:35:05,S2,,,,,,100.0,,
2024-10-28,DANIEL -22A- (156) BATTERY,OVERPASS - NO USABLE DATA - CLOUDS,12:35:05,17:35:05,S2,,,,,,100.0,,
2024-10-28,DANIEL -27- (157) BATTERY,OVERPASS - NO USABLE DATA - CLOUDS,12:35:05,17:35:05,S2,,,,,,100.0,,
2024-10-28,DANIEL -28- (158) BATTERY,OVERPASS - NO USABLE DATA - CLOUDS,12:35:05,17:35:05,S2,,,,,,100.0,,
2024-10-28,DANIEL -2A- (159) BATTERY,OVERPASS - NO USABLE DATA - CLOUDS,12:35:05,17:35:05,S2,,,,,,100.0,,
2024-10-28,DANIEL -3- (160) BATTERY,OVERPASS - NO USABLE DATA - CLOUDS,12:35:05,17:35:05,S2,,,,,,100.0,,
2024-10-28,DANIEL -35- (161) BATTERY,OVERPASS - NO USABLE DATA - CLOUDS,12:35:05,17:35:05,S2,,,,,,100.0,,
2024-10-28,DANIEL -3A- (162) BATTERY,OVERPASS - NO USABLE DATA - CLOUDS,12:35:05,17:35:05,S2,,,,,,100.0,,
2024-10-28,DANIEL -6- (164) BATTERY,OVERPASS - NO USABLE DATA - CLOUDS,12:35:05,17:35:05,S2,,,,,,100.0,,
2024-10-28,DANIEL -7- (165) BATTERY,OVERPASS - NO USABLE DATA - CLOUDS,12:35:05,17:35:05,S2,,,,,,100.0,,
2024-10-28,DANIEL -7A- (166) BATTERY,OVERPASS - NO USABLE DATA - CLOUDS,12:35:05,17:35:05,S2,,,,,,100.0,,
2024-10-28,DANIEL 38 (1165) BATTERY,OVERPASS - NO USABLE DATA - CLOUDS,12:35:05,17:35:05,S2,,,,,,100.0,,
2024-10-28,DANIEL SN 10-3 HORIZONTALS (168) BATTERY,OVERPASS - NO USABLE DATA - CLOUDS,12:35:05,17:35:05,S2,,,,,,100.0,,
2024-10-28,DANIEL SN 15-10 (1166) BATTERY,OVERPASS - NO USABLE DATA - CLOUDS,12:35:05,17:35:05,S2,,,,,,100.0,,
2024-10-28,DANIEL SN 21-16 BATTERY,OVERPASS - NO USABLE DATA - CLOUDS,12:35:05,17:35:05,S2,,,,,,100.0,,
2024-10-28,DANIEL SN 7-6 UNIT (1123) BATTERY,OVERPASS - NO USABLE DATA - CLOUDS,12:35:05,17:35:05,S2,,,,,,100.0,,
2024-10-28,DANIEL UNIT -3- (170) BATTERY,OVERPASS - NO USABLE DATA - CLOUDS,12:35:05,17:35:05,S2,,,,,,100.0,,
2024-10-28,DARLING NORTH BATTERY,OVERPASS - NO USABLE DATA - CLOUDS,12:35:07,17:35:07,S2,,,,,,24.0,,
2024-10-28,DAVIS 46 BATTERY,OVERPASS - NO USABLE DATA - CLOUDS,12:34:51,17:34:51,S2,,,,,,79.0,,
2024-10-28,DAVIS 46A BATTERY,OVERPASS - NO USABLE DATA - CLOUDS,12:34:51,17:34:51,S2,,,,,,79.0,,
2024-10-28,DAVIS BAKER UNIT BATTERY,OVERPASS - NO USABLE DATA - CLOUDS,12:34:51,17:34:51,S2,,,,,,79.0,,
2024-10-28,DAWN CTB,OVERPASS - NO USABLE DATA - CLOUDS,12:35:05,17:35:05,S2,,,,,,96.0,,
2024-10-28,DECANTER H BATTERY,OVERPASS - NO USABLE DATA - CLOUDS,12:34:51,17:34:51,S2,,,,,,23.0,,
2024-10-28,DEGUELLO BATTERY,NO OVERPASS,,,,,,,,,,,
2024-10-28,DESPARADO 8-25 EAST (6WP),OVERPASS - NO USABLE DATA - CLOUDS,12:35:05,17:35:05,S2,,,,,,94.0,,
2024-10-28,DESPERADO BATTERY,NO OVERPASS,,,,,,,,,,,
2024-10-28,DICKENS CTB,OVERPASS - NO USABLE DATA - CLOUDS,12:35:05,17:35:05,S2,,,,,,94.0,,
2024-10-28,DICKENSON -17- (179) BATTERY,OVERPASS - NO USABLE DATA - CLOUDS,12:35:05,17:35:05,S2,,,,,,100.0,,
2024-10-28,DICKENSON -20- (180) BATTERY,OVERPASS - NO USABLE DATA - CLOUDS,12:35:05,17:35:05,S2,,,,,,100.0,,
2024-10-28,DICKENSON A SN 20-17 (1190) BATTERY,OVERPASS - NO USABLE DATA - CLOUDS,12:35:05,17:35:05,S2,,,,,,100.0,,
2024-10-28,DICKENSON B CTB,OVERPASS - NO USABLE DATA - CLOUDS,12:35:05,17:35:05,S2,,,,,,66.0,,
2024-10-28,DIRTY HARRY BATTERY,NO OVERPASS,,,,,,,,,,,
2024-10-28,DOLLY VARDEN BATTERY,NO OVERPASS,,,,,,,,,,,
2024-10-28,DOOLITTLE,OVERPASS - NO DETECTION,12:35:05,17:35:05,S2,,,,,,2.0,,
2024-10-28,DOOLITTLE 4 (5WP),OVERPASS - NO USABLE DATA - CLOUDS,12:35:05,17:35:05,S2,,,,,,56.00000000000001,,
2024-10-28,DOOLITTLE BATTERY,OVERPASS - NO DETECTION,12:35:05,17:35:05,S2,,,,,,2.0,,
2024-10-28,DOOLITTLE PAD 1,OVERPASS - NO DETECTION,12:35:05,17:35:05,S2,,,,,,2.0,,
2024-10-28,DOOLITTLE PAD 2,OVERPASS - NO DETECTION,12:35:05,17:35:05,S2,,,,,,2.0,,
2024-10-28,DORCHESTER 10 BATTERY,OVERPASS - NO USABLE DATA - CLOUDS,12:35:05,17:35:05,S2,,,,,,73.0,,
2024-10-28,DRAGONFLY H BATTERY,OVERPASS - NO USABLE DATA - CLOUDS,12:35:05,17:35:05,S2,,,,,,91.0,,
2024-10-28,DSU 2539 W PAD 1,OVERPASS - NO DETECTION,12:35:07,17:35:07,S2,,,,,,16.0,,
2024-10-28,DSU 2539 W PAD 2,OVERPASS - NO DETECTION,12:35:07,17:35:07,S2,,,,,,16.0,,
2024-10-28,DSU 4 EAST,OVERPASS - NO USABLE DATA - CLOUDS,12:35:05,17:35:05,S2,,,,,,94.0,,
2024-10-28,DSU 4 WEST,OVERPASS - NO USABLE DATA - CLOUDS,12:35:05,17:35:05,S2,,,,,,94.0,,
2024-10-28,DSU 5 12,OVERPASS - NO USABLE DATA - CLOUDS,12:35:05,17:35:05,S2,,,,,,94.0,,
2024-10-28,DSU 6 13,OVERPASS - NO USABLE DATA - CLOUDS,12:35:05,17:35:05,S2,,,,,,94.0,,
2024-10-28,DSU 7 14,OVERPASS - NO USABLE DATA - CLOUDS,12:35:05,17:35:05,S2,,,,,,94.0,,
2024-10-28,DSU 8 9 & 15,OVERPASS - NO USABLE DATA - CLOUDS,12:35:05,17:35:05,S2,,,,,,96.0,,
2024-10-28,DSU UL 0312 EAST (4WP),OVERPASS - NO DETECTION,12:35:07,17:35:07,S2,,,,,,16.0,,
2024-10-28,DSU UL 0312 EAST PAD (5WP),OVERPASS - NO DETECTION,12:35:07,17:35:07,S2,,,,,,16.0,,
2024-10-28,DSU UL 0312 EAST PAD 2 2,OVERPASS - NO DETECTION,12:35:07,17:35:07,S2,,,,,,16.0,,
2024-10-28,DUBOSE CTB,OVERPASS - NO USABLE DATA - CLOUDS,12:35:05,17:35:05,S2,,,,,,94.0,,
2024-10-28,DUNIGAN BATTERY,NO OVERPASS,,,,,,,,,,,
2024-10-28,"DWYER, SAM J. ET AL 1 BATTERY",NO OVERPASS,,,,,,,,,,,
2024-10-28,EARTHSHINE 31-42 1H,OVERPASS - NO USABLE DATA - CLOUDS,12:35:07,17:35:07,S2,,,,,,48.0,,
2024-10-28,ECHOLS BATTERY,OVERPASS - NO USABLE DATA - CLOUDS,12:34:51,17:34:51,S2,,,,,,23.0,,
2024-10-28,ECHOLS CTB,OVERPASS - NO USABLE DATA - CLOUDS,12:35:05,17:35:05,S2,,,,,,56.00000000000001,,
2024-10-28,EDITH BOOKS BATTERY,OVERPASS - NO USABLE DATA - CLOUDS,12:35:05,17:35:05,S2,,,,,,100.0,,
2024-10-28,EDWARDS 12 BATTERY,OVERPASS - NO USABLE DATA - CLOUDS,12:35:07,17:35:07,S2,,,,,,55.00000000000001,,
2024-10-28,EISENHOWER 3/4 101/102/104/105 (4WP),OVERPASS - NO USABLE DATA - CLOUDS,12:35:05,17:35:05,S2,,,,,,84.0,,
2024-10-28,EISENHOWER BATTERY,OVERPASS - NO USABLE DATA - CLOUDS,12:35:05,17:35:05,S2,,,,,,84.0,,
2024-10-28,EISENHOWER/EISENHOWER 2 201/202/203/204/205/206 (6,OVERPASS - NO USABLE DATA - CLOUDS,12:35:05,17:35:05,S2,,,,,,84.0,,
2024-10-28,EL PASO STATE BATTERY,NO OVERPASS,,,,,,,,,,,
2024-10-28,ELIJAH 2-6 1H BATTERY,NO OVERPASS,,,,,,,,,,,
2024-10-28,ELMER BATTERY,NO OVERPASS,,,,,,,,,,,
2024-10-28,EMMA BATTERY,OVERPASS - NO USABLE DATA - CLOUDS,12:35:07,17:35:07,S2,,,,,,21.0,,
2024-10-28,EMMETT BATTERY,OVERPASS - NO DETECTION,12:35:07,17:35:07,S2,,,,,,7.000000000000001,,
2024-10-28,ENFORCER 34 113-112 3WP,NO OVERPASS,,,,,,,,,,,
2024-10-28,ENFORCER 34 113-112 E 603H & F 602H (2WP),NO OVERPASS,,,,,,,,,,,
2024-10-28,ENSERCH-FRYSAK (200) BATTERY,OVERPASS - NO USABLE DATA - CLOUDS,12:35:05,17:35:05,S2,,,,,,100.0,,
2024-10-28,ENSERCH-FRYSAK UNIT (1111) BATTERY,OVERPASS - NO USABLE DATA - CLOUDS,12:35:05,17:35:05,S2,,,,,,100.0,,
2024-10-28,EPLEY SPRABERRY BATTERY,OVERPASS - NO USABLE DATA - CLOUDS,12:35:05,17:35:05,S2,,,,,,100.0,,
2024-10-28,EPO 1 DANIEL UNIT  1 (206) BATTERY,OVERPASS - NO USABLE DATA - CLOUDS,12:35:05,17:35:05,S2,,,,,,100.0,,
2024-10-28,ERICA BATTERY,OVERPASS - NO DETECTION,12:35:07,17:35:07,S2,,,,,,12.0,,
2024-10-28,ESTES CTB,OVERPASS - NO USABLE DATA - CLOUDS,12:35:05,17:35:05,S2,,,,,,94.0,,
2024-10-28,ET BASS BATTERY,OVERPASS - NO DETECTION,12:35:07,17:35:07,S2,,,,,,12.0,,
2024-10-28,EVELYN BAUER UNIT 1H BATTERY,NO OVERPASS,,,,,,,,,,,
2024-10-28,EXPRESS BATTERY,NO OVERPASS,,,,,,,,,,,
2024-10-28,FERNWOOD BATTERY,NO OVERPASS,,,,,,,,,,,
2024-10-28,"FIRE FROG 57-32 A 1WA, B 2BS, C 3WA, D 4BS WP",NO OVERPASS,,,,,,,,,,,
2024-10-28,FLETCHER 2/3/4 101/102/103/104/105 (5WP),OVERPASS - NO USABLE DATA - CLOUDS,12:35:05,17:35:05,S2,,,,,,84.0,,
2024-10-28,FLETCHETTE BATTERY,OVERPASS - NO USABLE DATA - CLOUDS,12:35:05,17:35:05,S2,,,,,,84.0,,
2024-10-28,FLOYD 1 BATTERY,OVERPASS - NO USABLE DATA - CLOUDS,12:35:05,17:35:05,S2,,,,,,99.0,,
2024-10-28,FLOYD BATTERY,OVERPASS - NO USABLE DATA - CLOUDS,12:35:07,17:35:07,S2,,,,,,50.0,,
2024-10-28,FLY BY NIGHT 10-46 1/2/3 BN (3WP),OVERPASS - NO USABLE DATA - CLOUDS,12:35:07,17:35:07,S2,,,,,,55.00000000000001,,
2024-10-28,FLY BY NIGHT 46-3 4BN SL,OVERPASS - NO USABLE DATA - CLOUDS,12:35:07,17:35:07,S2,,,,,,55.00000000000001,,
2024-10-28,FOUR CORNERS 1423 1H (3WP),OVERPASS - NO USABLE DATA - CLOUDS,12:35:07,17:35:07,S2,,,,,,21.0,,
2024-10-28,FOUR CORNERS 1423 2H (3WP),OVERPASS - NO USABLE DATA - CLOUDS,12:35:07,17:35:07,S2,,,,,,21.0,,
2024-10-28,FOUR CORNERS 1423 3H (2WP),OVERPASS - NO USABLE DATA - CLOUDS,12:35:07,17:35:07,S2,,,,,,21.0,,
2024-10-28,FOUR CORNERS 1729 A/B 101H/102H (2WP),OVERPASS - NO USABLE DATA - CLOUDS,12:35:07,17:35:07,S2,,,,,,21.0,,
2024-10-28,FOUR CORNERS 21 BATTERY,OVERPASS - NO USABLE DATA - CLOUDS,12:35:07,17:35:07,S2,,,,,,21.0,,
2024-10-28,FOUR CORNERS 27 BATTERY,OVERPASS - NO USABLE DATA - CLOUDS,12:35:07,17:35:07,S2,,,,,,21.0,,
2024-10-28,FRANKLIN 23 BATTERY,OVERPASS - NO USABLE DATA - CLOUDS,12:35:05,17:35:05,S2,,,,,,55.00000000000001,,
2024-10-28,FRANKLIN CTB,OVERPASS - NO USABLE DATA - CLOUDS,12:35:05,17:35:05,S2,,,,,,99.0,,
2024-10-28,FRYAR 19 BATTERY,OVERPASS - NO DETECTION,12:35:05,17:35:05,S2,,,,,,0.0,,
2024-10-28,FRYAR 2 BATTERY,OVERPASS - NO USABLE DATA - CLOUDS,12:34:51,17:34:51,S2,,,,,,79.0,,
2024-10-28,FRYAR 9 BATTERY,OVERPASS - NO USABLE DATA - CLOUDS,12:35:05,17:35:05,S2,,,,,,94.0,,
2024-10-28,FULLER -B- BATTERY,OVERPASS - NO USABLE DATA - CLOUDS,12:35:05,17:35:05,S2,,,,,,83.0,,
2024-10-28,FULLER 1 BATTERY,OVERPASS - NO USABLE DATA - CLOUDS,12:35:05,17:35:05,S2,,,,,,83.0,,
2024-10-28,GASKINS 15-GASKIN ODDFELLOWS,OVERPASS - NO USABLE DATA - CLOUDS,12:35:05,17:35:05,S2,,,,,,23.0,,
2024-10-28,GASKINS 18 BATTERY,OVERPASS - NO USABLE DATA - CLOUDS,12:35:05,17:35:05,S2,,,,,,23.0,,
2024-10-28,GASKINS 21 A BATTERY,OVERPASS - NO USABLE DATA - CLOUDS,12:35:05,17:35:05,S2,,,,,,23.0,,
2024-10-28,GASKINS 21 B BATTERY,OVERPASS - NO DETECTION,12:35:05,17:35:05,S2,,,,,,0.0,,
2024-10-28,GASKINS 41 BATTERY,OVERPASS - NO USABLE DATA - CLOUDS,12:35:05,17:35:05,S2,,,,,,23.0,,
2024-10-28,GASKINS SN 6-43 BATTERY,OVERPASS - NO DETECTION,12:34:51,17:34:51,S2,,,,,,16.0,,
2024-10-28,GD HOUSTON 1 BATTERY,NO OVERPASS,,,,,,,,,,,
2024-10-28,GENERAL WALKER -39- (251) BATTERY,OVERPASS - NO USABLE DATA - CLOUDS,12:35:05,17:35:05,S2,,,,,,100.0,,
2024-10-28,GIBSON 9 BATTERY,OVERPASS - NO USABLE DATA - CLOUDS,12:35:05,17:35:05,S2,,,,,,73.0,,
2024-10-28,GINA-MADYSEN-TYLER BATTERY,OVERPASS - NO USABLE DATA - CLOUDS,12:35:07,17:35:07,S2,,,,,,50.0,,
2024-10-28,GLENN RILEY H BATTERY,OVERPASS - NO USABLE DATA - CLOUDS,12:35:05,17:35:05,S2,,,,,,100.0,,
2024-10-28,GOLDFINGER BATTERY,NO OVERPASS,,,,,,,,,,,
2024-10-28,GOMER BATTERY,OVERPASS - NO USABLE DATA - CLOUDS,12:35:07,17:35:07,S2,,,,,,50.0,,
2024-10-28,GORMAN 12 BATTERY,OVERPASS - NO USABLE DATA - CLOUDS,12:35:05,17:35:05,S2,,,,,,55.00000000000001,,
2024-10-28,GRANTHAM 12 A BATTERY,OVERPASS - NO USABLE DATA - CLOUDS,12:35:05,17:35:05,S2,,,,,,23.0,,
2024-10-28,GRANTHAM 12 B BATTERY,OVERPASS - NO USABLE DATA - CLOUDS,12:34:51,17:34:51,S2,,,,,,79.0,,
2024-10-28,GRANTHAM 13 A BATTERY,OVERPASS - NO DETECTION,12:35:05,17:35:05,S2,,,,,,0.0,,
2024-10-28,GRANTHAM 13 B BATTERY,OVERPASS - NO DETECTION,12:35:05,17:35:05,S2,,,,,,0.0,,
2024-10-28,GRANTHAM 46 BATTERY,OVERPASS - NO USABLE DATA - CLOUDS,12:35:05,17:35:05,S2,,,,,,23.0,,
2024-10-28,GRANTHAM 50 BATTERY,OVERPASS - NO USABLE DATA - CLOUDS,12:35:05,17:35:05,S2,,,,,,23.0,,
2024-10-28,GRANTHAM A BATTERY,OVERPASS - NO USABLE DATA - CLOUDS,12:34:51,17:34:51,S2,,,,,,100.0,,
2024-10-28,GRANTHAM EAST 1/2/3/4 LS/WA/WB (9WP),OVERPASS - NO USABLE DATA - CLOUDS,12:35:05,17:35:05,S2,,,,,,23.0,,
2024-10-28,GRANTHAM H BATTERY,OVERPASS - NO USABLE DATA - CLOUDS,12:35:05,17:35:05,S2,,,,,,23.0,,
2024-10-28,GRANTHAM WEST 1/2 (6WP),OVERPASS - NO USABLE DATA - CLOUDS,12:35:05,17:35:05,S2,,,,,,23.0,,
2024-10-28,GRANTHAM WEST PAD 1,OVERPASS - NO USABLE DATA - CLOUDS,12:35:05,17:35:05,S2,,,,,,23.0,,
2024-10-28,GRAVES 3A BATTERY,OVERPASS - NO USABLE DATA - CLOUDS,12:35:05,17:35:05,S2,,,,,,73.0,,
2024-10-28,GRAVY 18 BATTERY,OVERPASS - NO USABLE DATA - CLOUDS,12:35:05,17:35:05,S2,,,,,,23.0,,
2024-10-28,GRAYLING BATTERY,NO OVERPASS,,,,,,,,,,,
2024-10-28,GREEMAN & GRISHAM CTB,OVERPASS - NO USABLE DATA - CLOUDS,12:35:05,17:35:05,S2,,,,,,73.0,,
2024-10-28,GREENE BATTERY,OVERPASS - NO USABLE DATA - CLOUDS,12:35:05,17:35:05,S2,,,,,,84.0,,
2024-10-28,GREYHOUND BATTERY,OVERPASS - NO USABLE DATA - CLOUDS,12:34:51,17:34:51,S2,,,,,,100.0,,
2024-10-28,GRIDIRON NORTH BATTERY,OVERPASS - NO DETECTION,12:35:05,17:35:05,S2,,,,,,19.0,,
2024-10-28,GRIDIRON SOUTH BATTERY,OVERPASS - NO DETECTION,12:35:05,17:35:05,S2,,,,,,19.0,,
2024-10-28,GRISHAM & GREEMAN CTB,OVERPASS - NO USABLE DATA - CLOUDS,12:35:05,17:35:05,S2,,,,,,56.00000000000001,,
2024-10-28,GRISHAM 21 CTB,OVERPASS - NO USABLE DATA - CLOUDS,12:35:05,17:35:05,S2,,,,,,56.00000000000001,,
2024-10-28,GRISHAM 21-2 CTB,OVERPASS - NO USABLE DATA - CLOUDS,12:35:05,17:35:05,S2,,,,,,56.00000000000001,,
2024-10-28,GUARDIAN 2 (8WP),OVERPASS - NO USABLE DATA - CLOUDS,12:34:51,17:34:51,S2,,,,,,39.0,,
2024-10-28,GUARDIAN 250 K 8LS SL,OVERPASS - NO USABLE DATA - CLOUDS,12:34:51,17:34:51,S2,,,,,,39.0,,
2024-10-28,GUARDIAN H BATTERY,OVERPASS - NO USABLE DATA - CLOUDS,12:34:51,17:34:51,S2,,,,,,39.0,,
2024-10-28,GUNSMOKE 40-1 PAD,OVERPASS - NO USABLE DATA - CLOUDS,12:35:05,17:35:05,S2,,,,,,99.0,,
2024-10-28,GUNSMOKE H BATTERY,OVERPASS - NO USABLE DATA - CLOUDS,12:35:05,17:35:05,S2,,,,,,99.0,,
2024-10-28,GWW BATTERY,OVERPASS - NO USABLE DATA - CLOUDS,12:34:51,17:34:51,S2,,,,,,100.0,,
2024-10-28,HACKNEY 12-16 1WA & 2WA,NO OVERPASS,,,,,,,,,,,
2024-10-28,HALL 28 1H BATTERY,NO OVERPASS,,,,,,,,,,,
2024-10-28,HALL H CTB,OVERPASS - NO USABLE DATA - CLOUDS,12:35:05,17:35:05,S2,,,,,,94.0,,
2024-10-28,HALL TRUST 38 BATTERY,OVERPASS - NO USABLE DATA - CLOUDS,12:34:51,17:34:51,S2,,,,,,79.0,,
2024-10-28,HALSEY BATTERY,OVERPASS - NO DETECTION,12:35:05,17:35:05,S2,,,,,,2.0,,
2024-10-28,HANSON 2 C BATTERY,OVERPASS - NO USABLE DATA - CLOUDS,12:35:05,17:35:05,S2,,,,,,100.0,,
2024-10-28,HANSON 46 BATTERY,OVERPASS - NO USABLE DATA - CLOUDS,12:35:05,17:35:05,S2,,,,,,100.0,,
2024-10-28,HANSON H BATTERY,OVERPASS - NO USABLE DATA - CLOUDS,12:35:05,17:35:05,S2,,,,,,100.0,,
2024-10-28,HANSON UNIT BATTERY,OVERPASS - NO USABLE DATA - CLOUDS,12:35:05,17:35:05,S2,,,,,,100.0,,
2024-10-28,HARDIN 10 BATTERY,OVERPASS - NO USABLE DATA - CLOUDS,12:35:05,17:35:05,S2,,,,,,73.0,,
2024-10-28,HARMONSON 11 BATTERY,OVERPASS - NO DETECTION,12:35:05,17:35:05,S2,,,,,,2.0,,
2024-10-28,HARRAL 9 1H BATTERY,NO OVERPASS,,,,,,,,,,,
2024-10-28,HARRELL 43 BATTERY,OVERPASS - NO USABLE DATA - CLOUDS,12:35:05,17:35:05,S2,,,,,,91.0,,
2024-10-28,HARRIS C T 1H,OVERPASS - NO USABLE DATA - CLOUDS,12:35:20,17:35:20,S2,,,,,,100.0,,
2024-10-28,HAZLEWOOD 19 CTB,OVERPASS - NO USABLE DATA - CLOUDS,12:35:05,17:35:05,S2,,,,,,91.0,,
2024-10-28,HEADLEE BATTERY,OVERPASS - NO USABLE DATA - CLOUDS,12:35:07,17:35:07,S2,,,,,,70.0,,
2024-10-28,HEADLEE H BATTERY,OVERPASS - NO USABLE DATA - CLOUDS,12:35:07,17:35:07,S2,,,,,,33.0,,
2024-10-28,HECKER BATTERY,OVERPASS - NO USABLE DATA - CLOUDS,12:35:05,17:35:05,S2,,,,,,94.0,,
2024-10-28,HECKER CTB,OVERPASS - NO USABLE DATA - CLOUDS,12:35:05,17:35:05,S2,,,,,,94.0,,
2024-10-28,HELEN CRUMP B BATTERY,OVERPASS - NO DETECTION,12:35:07,17:35:07,S2,,,,,,12.0,,
2024-10-28,HOGBACK BATTERY,NO OVERPASS,,,,,,,,,,,
2024-10-28,HOGNOSE BATTERY,NO OVERPASS,,,,,,,,,,,
2024-10-28,HOLLOWAY CTB,OVERPASS - NO USABLE DATA - CLOUDS,12:35:05,17:35:05,S2,,,,,,94.0,,
2024-10-28,HOLT RANCH 2-9 D 18MS SL MARTIN CO,OVERPASS - NO USABLE DATA - CLOUDS,12:35:05,17:35:05,S2,,,,,,47.0,,
2024-10-28,HOLT RANCH 21-10 1UL/3LL/2LL/4UL (4WP),OVERPASS - NO USABLE DATA - CLOUDS,12:35:05,17:35:05,S2,,,,,,47.0,,
2024-10-28,HOLT RANCH 21-10 7UL/6LL/5UL (3WP),OVERPASS - NO USABLE DATA - CLOUDS,12:35:05,17:35:05,S2,,,,,,47.0,,
2024-10-28,HOLT RANCH NORTH BATTERY,OVERPASS - NO USABLE DATA - CLOUDS,12:34:51,17:34:51,S2,,,,,,39.0,,
2024-10-28,HOLT RANCH PAD 3 (7WP),OVERPASS - NO USABLE DATA - CLOUDS,12:35:05,17:35:05,S2,,,,,,47.0,,
2024-10-28,HOLT RANCH SOUTH BATTERY,OVERPASS - NO USABLE DATA - CLOUDS,12:35:05,17:35:05,S2,,,,,,47.0,,
2024-10-28,HOLTRANCH-GUIDON (4WP),OVERPASS - NO USABLE DATA - CLOUDS,12:35:05,17:35:05,S2,,,,,,47.0,,
2024-10-28,HORNED FROG H BATTERY,OVERPASS - NO USABLE DATA - CLOUDS,12:34:51,17:34:51,S2,,,,,,79.0,,
2024-10-28,HUGHES 17 BATTERY,OVERPASS - NO USABLE DATA - CLOUDS,12:35:05,17:35:05,S2,,,,,,23.0,,
2024-10-28,HUGHES 49 BATTERY,OVERPASS - NO USABLE DATA - CLOUDS,12:35:05,17:35:05,S2,,,,,,23.0,,
2024-10-28,HULSEY CTB,OVERPASS - NO USABLE DATA - CLOUDS,12:35:05,17:35:05,S2,,,,,,94.0,,
2024-10-28,HURT 35 BATTERY,OVERPASS - NO USABLE DATA - CLOUDS,12:34:51,17:34:51,S2,,,,,,79.0,,
2024-10-28,INTEGRITY BATTERY,OVERPASS - NO USABLE DATA - CLOUDS,12:34:51,17:34:51,S2,,,,,,100.0,,
2024-10-28,INTREPID BATTERY,NO OVERPASS,,,,,,,,,,,
2024-10-28,J C EPLEY CTB,OVERPASS - NO USABLE DATA - CLOUDS,12:35:05,17:35:05,S2,,,,,,99.0,,
2024-10-28,JACK BLACK -15- BATTERY,OVERPASS - NO USABLE DATA - CLOUDS,12:34:51,17:34:51,S2,,,,,,100.0,,
2024-10-28,JACKSON -50- BATTERY,OVERPASS - NO USABLE DATA - CLOUDS,12:35:05,17:35:05,S2,,,,,,23.0,,
2024-10-28,JACKSON BATTERY,OVERPASS - NO USABLE DATA - CLOUDS,12:35:05,17:35:05,S2,,,,,,100.0,,
2024-10-28,JAGUAR H BATTERY,OVERPASS - NO USABLE DATA - CLOUDS,12:34:51,17:34:51,S2,,,,,,39.0,,
2024-10-28,JAGUAR WEST 135-101 1WA SL,OVERPASS - NO USABLE DATA - CLOUDS,12:34:51,17:34:51,S2,,,,,,39.0,,
2024-10-28,JAGUAR WEST 61-101 2MS SL,OVERPASS - NO USABLE DATA - CLOUDS,12:34:51,17:34:51,S2,,,,,,39.0,,
2024-10-28,JALONICK - BATTERY,OVERPASS - NO USABLE DATA - CLOUDS,12:35:05,17:35:05,S2,,,,,,100.0,,
2024-10-28,JAMES BROWN 18-23 BATTERY,OVERPASS - NO USABLE DATA - CLOUDS,12:34:51,17:34:51,S2,,,,,,23.0,,
2024-10-28,JAMES BROWN 21 BATTERY,OVERPASS - NO USABLE DATA - CLOUDS,12:34:51,17:34:51,S2,,,,,,23.0,,
2024-10-28,JANE M GRAVES UNIT 1H BATTERY,NO OVERPASS,,,,,,,,,,,
2024-10-28,JANICE BATTERY,OVERPASS - NO DETECTION,12:35:07,17:35:07,S2,,,,,,12.0,,
2024-10-28,JAY BATTERY,OVERPASS - NO USABLE DATA - CLOUDS,12:35:05,17:35:05,S2,,,,,,96.0,,
2024-10-28,JC EPLEY BATTERY,OVERPASS - NO USABLE DATA - CLOUDS,12:35:05,17:35:05,S2,,,,,,99.0,,
2024-10-28,JET BATTERY,OVERPASS - NO USABLE DATA - CLOUDS,12:35:05,17:35:05,S2,,,,,,100.0,,
2024-10-28,JO GREGORY BATTERY,OVERPASS - NO USABLE DATA - CLOUDS,12:35:05,17:35:05,S2,,,,,,47.0,,
2024-10-28,JO GREGORY PAD 2 (5WP),OVERPASS - NO USABLE DATA - CLOUDS,12:35:05,17:35:05,S2,,,,,,96.0,,
2024-10-28,JO GREGORY PAD 3 (6WP),OVERPASS - NO USABLE DATA - CLOUDS,12:35:05,17:35:05,S2,,,,,,47.0,,
2024-10-28,JO GREGORY PAD 4 (6WP),OVERPASS - NO USABLE DATA - CLOUDS,12:35:05,17:35:05,S2,,,,,,47.0,,
2024-10-28,JOHN 2 CTB,OVERPASS - NO USABLE DATA - CLOUDS,12:35:05,17:35:05,S2,,,,,,83.0,,
2024-10-28,JOHN FRANKLIN (8WP),OVERPASS - NO USABLE DATA - CLOUDS,12:35:05,17:35:05,S2,,,,,,96.0,,
2024-10-28,JOHNSON 2 BATTERY,OVERPASS - NO USABLE DATA - CLOUDS,12:34:51,17:34:51,S2,,,,,,79.0,,
2024-10-28,JOHNSON 4 BATTERY,OVERPASS - NO USABLE DATA - CLOUDS,12:35:05,17:35:05,S2,,,,,,73.0,,
2024-10-28,JOHNSON 54-22 BATTERY,NO OVERPASS,,,,,,,,,,,
2024-10-28,JONES 1 BATTERY,OVERPASS - NO DETECTION,12:34:51,17:34:51,S2,,,,,,16.0,,
2024-10-28,JONES-HOLTON HORIZONTALS BATTERY,OVERPASS - NO USABLE DATA - CLOUDS,12:35:05,17:35:05,S2,,,,,,96.0,,
2024-10-28,JONES-HOLTON SOUTH BATTERY,OVERPASS - NO USABLE DATA - CLOUDS,12:35:05,17:35:05,S2,,,,,,96.0,,
2024-10-28,JONES-HOLTON VERTICAL BATTERY,OVERPASS - NO USABLE DATA - CLOUDS,12:35:05,17:35:05,S2,,,,,,96.0,,
2024-10-28,JOY A CTB,OVERPASS - NO USABLE DATA - CLOUDS,12:35:05,17:35:05,S2,,,,,,94.0,,
2024-10-28,JUPITER BATTERY,NO OVERPASS,,,,,,,,,,,
2024-10-28,JURECEK -B- 1 (377) BATTERY,OVERPASS - NO USABLE DATA - CLOUDS,12:35:05,17:35:05,S2,,,,,,100.0,,
2024-10-28,JURECEK -D-  1 (379) BATTERY,OVERPASS - NO USABLE DATA - CLOUDS,12:35:05,17:35:05,S2,,,,,,100.0,,
2024-10-28,JUTLAND 2/3/4 (3WP),NO OVERPASS,,,,,,,,,,,
2024-10-28,KATH #1 BATTERY,NO OVERPASS,,,,,,,,,,,
2024-10-28,KATH CDP BATTERY,NO OVERPASS,,,,,,,,,,,
2024-10-28,KATHRYN IDA UNIT,OVERPASS - NO USABLE DATA - CLOUDS,12:35:05,17:35:05,S2,,,,,,96.0,,
2024-10-28,KATIE 1-72 BATTERY,NO OVERPASS,,,,,,,,,,,
2024-10-28,KELLEY STATE KAMO H BATTERY,NO OVERPASS,,,,,,,,,,,
2024-10-28,KELLI A&B BATTERY,OVERPASS - NO USABLE DATA - CLOUDS,12:35:07,17:35:07,S2,,,,,,31.0,,
2024-10-28,KENNETH COX CTB,OVERPASS - NO USABLE DATA - CLOUDS,12:35:05,17:35:05,S2,,,,,,99.0,,
2024-10-28,KENT CO 265-10 BATTERY,OVERPASS - NO USABLE DATA - CLOUDS,12:34:51,17:34:51,S2,,,,,,23.0,,
2024-10-28,KENT CO 265-22-265-19 BATTERY,OVERPASS - NO USABLE DATA - CLOUDS,12:34:51,17:34:51,S2,,,,,,23.0,,
2024-10-28,KENT CSL  A 7-BLACKWELL 8 BATTERY,OVERPASS - NO USABLE DATA - CLOUDS,12:34:51,17:34:51,S2,,,,,,23.0,,
2024-10-28,KENT CSL A 24 BATTERY,OVERPASS - NO USABLE DATA - CLOUDS,12:34:51,17:34:51,S2,,,,,,23.0,,
2024-10-28,KENT CSL A 264 BATTERY,OVERPASS - NO USABLE DATA - CLOUDS,12:34:51,17:34:51,S2,,,,,,23.0,,
2024-10-28,KENT CSL H BATTERY,OVERPASS - NO USABLE DATA - CLOUDS,12:34:51,17:34:51,S2,,,,,,23.0,,
2024-10-28,KIMBERLY 18 BATTERY,OVERPASS - NO DETECTION,12:35:05,17:35:05,S2,,,,,,0.0,,
2024-10-28,KIMBERLY 20 BATTERY,OVERPASS - NO DETECTION,12:35:05,17:35:05,S2,,,,,,0.0,,
2024-10-28,KIMBERLY 29 BATTERY,OVERPASS - NO DETECTION,12:35:05,17:35:05,S2,,,,,,0.0,,
2024-10-28,KIMBERLY 5 BATTERY,OVERPASS - NO USABLE DATA - CLOUDS,12:35:07,17:35:07,S2,,,,,,22.0,,
2024-10-28,KIMBERLY 702/710 (2WP),OVERPASS - NO DETECTION,12:35:07,17:35:07,S2,,,,,,0.0,,
2024-10-28,KIMBERLY 704 (4WP),OVERPASS - NO USABLE DATA - CLOUDS,12:35:07,17:35:07,S2,,,,,,22.0,,
2024-10-28,KIMBERLY 706H/714H (2WP),OVERPASS - NO USABLE DATA - CLOUDS,12:35:07,17:35:07,S2,,,,,,22.0,,
2024-10-28,KIMBERLY 8 BATTERY,OVERPASS - NO DETECTION,12:35:07,17:35:07,S2,,,,,,0.0,,
2024-10-28,KIMBERLY 801H/809H (2WP),OVERPASS - NO USABLE DATA - CLOUDS,12:35:07,17:35:07,S2,,,,,,22.0,,
2024-10-28,KIMBERLY 802/810 (2WP),OVERPASS - NO DETECTION,12:35:05,17:35:05,S2,,,,,,0.0,,
2024-10-28,KIMBERLY 804H  (1WP),OVERPASS - NO DETECTION,12:35:05,17:35:05,S2,,,,,,0.0,,
2024-10-28,"KIMBERLY 807WA/MS, 808LS/WB (1WP)",OVERPASS - NO DETECTION,12:35:05,17:35:05,S2,,,,,,0.0,,
2024-10-28,KIMBERLY 811LS,OVERPASS - NO DETECTION,12:35:05,17:35:05,S2,,,,,,0.0,,
2024-10-28,KIMBERLY NH BATTERY,OVERPASS - NO USABLE DATA - CLOUDS,12:35:07,17:35:07,S2,,,,,,22.0,,
2024-10-28,KIMBERLY SOUTH H BATTERY,OVERPASS - NO DETECTION,12:35:05,17:35:05,S2,,,,,,0.0,,
2024-10-28,KINGSFIELD 42 BATTERY,OVERPASS - NO USABLE DATA - CLOUDS,12:35:05,17:35:05,S2,,,,,,91.0,,
2024-10-28,KISER TRUST 46 BATTERY,OVERPASS - NO USABLE DATA - CLOUDS,12:34:51,17:34:51,S2,,,,,,79.0,,
2024-10-28,KITTA BELLE 101/201/501 H (3WP),OVERPASS - NO USABLE DATA - CLOUDS,12:35:05,17:35:05,S2,,,,,,96.0,,
2024-10-28,KITTA BELLE 102/202/502 H (3WP),OVERPASS - NO USABLE DATA - CLOUDS,12:35:05,17:35:05,S2,,,,,,96.0,,
2024-10-28,KITTA BELLE 103/203/503 H (3WP),OVERPASS - NO USABLE DATA - CLOUDS,12:35:05,17:35:05,S2,,,,,,96.0,,
2024-10-28,KITTA BELLE BATTERY,OVERPASS - NO USABLE DATA - CLOUDS,12:35:05,17:35:05,S2,,,,,,96.0,,
2024-10-28,KITTA BELLE/TY RANCH (6WP),OVERPASS - NO USABLE DATA - CLOUDS,12:35:05,17:35:05,S2,,,,,,96.0,,
2024-10-28,KNOX A BATTERY,OVERPASS - NO USABLE DATA - CLOUDS,12:34:51,17:34:51,S2,,,,,,100.0,,
2024-10-28,KNOX WASHINGTON (7WP),OVERPASS - NO USABLE DATA - CLOUDS,12:35:05,17:35:05,S2,,,,,,84.0,,
2024-10-28,KNOXINGTON BATTERY,OVERPASS - NO USABLE DATA - CLOUDS,12:35:05,17:35:05,S2,,,,,,84.0,,
2024-10-28,KNOXINGTON PAD 1,OVERPASS - NO USABLE DATA - CLOUDS,12:35:05,17:35:05,S2,,,,,,84.0,,
2024-10-28,LAFAYETTE 2/3/4 203/207/201/204/202/205 (6WP),OVERPASS - NO USABLE DATA - CLOUDS,12:35:05,17:35:05,S2,,,,,,84.0,,
2024-10-28,LAFAYETTE/LAFAYETTE 2 101/102X (2WP),OVERPASS - NO USABLE DATA - CLOUDS,12:35:05,17:35:05,S2,,,,,,84.0,,
2024-10-28,LANCE 9-4 1-3 (7WP),OVERPASS - NO USABLE DATA - CLOUDS,12:35:05,17:35:05,S2,,,,,,100.0,,
2024-10-28,LANGLEY BATTERY,NO OVERPASS,,,,,,,,,,,
2024-10-28,LANKFORD -25- BATTERY,OVERPASS - NO USABLE DATA - CLOUDS,12:34:51,17:34:51,S2,,,,,,79.0,,
2024-10-28,LARAH BATTERY,OVERPASS - NO USABLE DATA - CLOUDS,12:35:22,17:35:22,S2,,,,,,64.0,,
2024-10-28,LASATER A 1 BATTERY,NO OVERPASS,,,,,,,,,,,
2024-10-28,LASATER RM 1 BATTERY,NO OVERPASS,,,,,,,,,,,
2024-10-28,LB EPLEY 34-46 H BATTERY,OVERPASS - NO USABLE DATA - CLOUDS,12:35:05,17:35:05,S2,,,,,,100.0,,
2024-10-28,LB EPLEY NS 39-46 (1083) BATTERY,OVERPASS - NO USABLE DATA - CLOUDS,12:35:05,17:35:05,S2,,,,,,100.0,,
2024-10-28,LEON BATTERY,OVERPASS - NO USABLE DATA - CLOUDS,12:35:07,17:35:07,S2,,,,,,21.0,,
2024-10-28,"LEWIS, JAMES/ KATHLEEN 15 (419) BATTERY",OVERPASS - NO USABLE DATA - CLOUDS,12:35:05,17:35:05,S2,,,,,,100.0,,
2024-10-28,LIBERTY BATTERY,NO OVERPASS,,,,,,,,,,,
2024-10-28,LIGON BATTERY,NO OVERPASS,,,,,,,,,,,
2024-10-28,LILLY-NICHOLS H BATTERY,OVERPASS - NO USABLE DATA - CLOUDS,12:35:05,17:35:05,S2,,,,,,23.0,,
2024-10-28,LINDSEY 24-25 BATTERY,OVERPASS - NO USABLE DATA - CLOUDS,12:34:51,17:34:51,S2,,,,,,23.0,,
2024-10-28,LINEBACKER BATTERY,NO OVERPASS,,,,,,,,,,,
2024-10-28,LITTLE LEAGUE BATTERY,NO OVERPASS,,,,,,,,,,,
2024-10-28,LITTLETON CTB,OVERPASS - NO USABLE DATA - CLOUDS,12:35:05,17:35:05,S2,,,,,,56.00000000000001,,
2024-10-28,LOCKRIDGE BATTERY,NO OVERPASS,,,,,,,,,,,
2024-10-28,LOCKRIDGE IP 1 BATTERY,NO OVERPASS,,,,,,,,,,,
2024-10-28,LOIS MADISON CTB,OVERPASS - NO USABLE DATA - CLOUDS,12:35:05,17:35:05,S2,,,,,,99.0,,
2024-10-28,LOKAI BATTERY,NO OVERPASS,,,,,,,,,,,
2024-10-28,LONGFELLOW BATTERY,NO OVERPASS,,,,,,,,,,,
2024-10-28,LOWE 4-9 1H BATTERY,NO OVERPASS,,,,,,,,,,,
2024-10-28,LUCAS CTB,OVERPASS - NO USABLE DATA - CLOUDS,12:35:05,17:35:05,S2,,,,,,94.0,,
2024-10-28,LUPIN 3748 1 (4WP),OVERPASS - NO DETECTION,12:35:07,17:35:07,S2,,,,,,12.0,,
2024-10-28,LUPIN 3748 2 (4WP),OVERPASS - NO DETECTION,12:35:07,17:35:07,S2,,,,,,12.0,,
2024-10-28,LUPIN BATTERY,OVERPASS - NO DETECTION,12:35:07,17:35:07,S2,,,,,,12.0,,
2024-10-28,LUPIN DORA 1 (4WP),OVERPASS - NO DETECTION,12:35:07,17:35:07,S2,,,,,,12.0,,
2024-10-28,LUPIN DORA 2 (4WP),OVERPASS - NO DETECTION,12:35:07,17:35:07,S2,,,,,,12.0,,
2024-10-28,LUPIN WEST EDGE BATTERY,OVERPASS - NO DETECTION,12:35:07,17:35:07,S2,,,,,,12.0,,
2024-10-28,LUPIN-EDWARDS 0112 A 201H (1WP),OVERPASS - NO USABLE DATA - CLOUDS,12:35:07,17:35:07,S2,,,,,,55.00000000000001,,
2024-10-28,LYNN HENSON CTB,OVERPASS - NO USABLE DATA - CLOUDS,12:35:05,17:35:05,S2,,,,,,99.0,,
2024-10-28,MABEE B NORTH CTB,OVERPASS - NO USABLE DATA - CLOUDS,12:35:05,17:35:05,S2,,,,,,47.0,,
2024-10-28,MABEE B SOUTH CTB,OVERPASS - NO USABLE DATA - CLOUDS,12:35:05,17:35:05,S2,,,,,,45.0,,
2024-10-28,MABEE BREEDLOVE 1 BATTERY,OVERPASS - NO USABLE DATA - CLOUDS,12:34:51,17:34:51,S2,,,,,,39.0,,
2024-10-28,MABEE BREEDLOVE 12 BATTERY,OVERPASS - NO USABLE DATA - CLOUDS,12:34:51,17:34:51,S2,,,,,,39.0,,
2024-10-28,MABEE BREEDLOVE 3905LS PAD,OVERPASS - NO USABLE DATA - CLOUDS,12:34:51,17:34:51,S2,,,,,,39.0,,
2024-10-28,MABEE BREEDLOVE 4  BATTERY,OVERPASS - NO USABLE DATA - CLOUDS,12:34:51,17:34:51,S2,,,,,,39.0,,
2024-10-28,MABEE BREEDLOVE 4002/4004/4006/4008 (4 WELL PAD),OVERPASS - NO USABLE DATA - CLOUDS,12:34:51,17:34:51,S2,,,,,,39.0,,
2024-10-28,MABEE BREEDLOVE 4003LS PAD,OVERPASS - NO USABLE DATA - CLOUDS,12:34:51,17:34:51,S2,,,,,,39.0,,
2024-10-28,MABEE BREEDLOVE 4010 WELL PAD,OVERPASS - NO USABLE DATA - CLOUDS,12:34:51,17:34:51,S2,,,,,,39.0,,
2024-10-28,MABEE BREEDLOVE 6,OVERPASS - NO USABLE DATA - CLOUDS,12:34:51,17:34:51,S2,,,,,,39.0,,
2024-10-28,MABEE BREEDLOVE 8  BATTERY,OVERPASS - NO USABLE DATA - CLOUDS,12:34:51,17:34:51,S2,,,,,,39.0,,
2024-10-28,MABEE BREEDLOVE H BATTERY,OVERPASS - NO USABLE DATA - CLOUDS,12:34:51,17:34:51,S2,,,,,,39.0,,
2024-10-28,MABEE BREEDLOVE NORTH BATTERY,OVERPASS - NO USABLE DATA - CLOUDS,12:34:51,17:34:51,S2,,,,,,39.0,,
2024-10-28,MABEE BREEDLOVE SOUTH (5WP),OVERPASS - NO USABLE DATA - CLOUDS,12:34:51,17:34:51,S2,,,,,,39.0,,
2024-10-28,MABEE BREEDLOVE WEST H BATTERY,OVERPASS - NO USABLE DATA - CLOUDS,12:34:51,17:34:51,S2,,,,,,39.0,,
2024-10-28,MABEE C 18 (1WP),OVERPASS - NO USABLE DATA - CLOUDS,12:35:05,17:35:05,S2,,,,,,45.0,,
2024-10-28,MABEE C 26 (1WP),OVERPASS - NO USABLE DATA - CLOUDS,12:35:05,17:35:05,S2,,,,,,45.0,,
2024-10-28,MABEE C 35 (1WP),OVERPASS - NO USABLE DATA - CLOUDS,12:35:07,17:35:07,S2,,,,,,37.0,,
2024-10-28,MABEE C H 12/13/14 SS (3WP),OVERPASS - NO USABLE DATA - CLOUDS,12:35:07,17:35:07,S2,,,,,,37.0,,
2024-10-28,MABEE C H 15/16/17SS (1WP),OVERPASS - NO USABLE DATA - CLOUDS,12:35:07,17:35:07,S2,,,,,,37.0,,
2024-10-28,MABEE C H CTB,OVERPASS - NO USABLE DATA - CLOUDS,12:35:07,17:35:07,S2,,,,,,37.0,,
2024-10-28,MABEE C H EAST CTB,OVERPASS - NO USABLE DATA - CLOUDS,12:35:05,17:35:05,S2,,,,,,45.0,,
2024-10-28,MABEE C H NORTH CTB,OVERPASS - NO USABLE DATA - CLOUDS,12:35:07,17:35:07,S2,,,,,,37.0,,
2024-10-28,MABEE C H SOUTH CTB,OVERPASS - NO USABLE DATA - CLOUDS,12:35:07,17:35:07,S2,,,,,,37.0,,
2024-10-28,MABEE C SOUTH CTB,OVERPASS - NO USABLE DATA - CLOUDS,12:35:05,17:35:05,S2,,,,,,45.0,,
2024-10-28,MABEE CN 08/06 SS/WB (3WP),OVERPASS - NO USABLE DATA - CLOUDS,12:35:07,17:35:07,S2,,,,,,37.0,,
2024-10-28,MABEE D 5 (1WP),OVERPASS - NO USABLE DATA - CLOUDS,12:35:07,17:35:07,S2,,,,,,37.0,,
2024-10-28,MABEE DGH & DH (7WP),OVERPASS - NO USABLE DATA - CLOUDS,12:35:07,17:35:07,S2,,,,,,37.0,,
2024-10-28,MABEE DGH (4WP),OVERPASS - NO USABLE DATA - CLOUDS,12:35:07,17:35:07,S2,,,,,,37.0,,
2024-10-28,MABEE DH 10-11 (8WP),OVERPASS - NO USABLE DATA - CLOUDS,12:35:07,17:35:07,S2,,,,,,37.0,,
2024-10-28,MABEE E CTB,OVERPASS - NO USABLE DATA - CLOUDS,12:35:07,17:35:07,S2,,,,,,37.0,,
2024-10-28,MABEE G CTB,OVERPASS - NO USABLE DATA - CLOUDS,12:35:07,17:35:07,S2,,,,,,37.0,,
2024-10-28,MABEE KJ CTB,OVERPASS - NO DETECTION,12:35:07,17:35:07,S2,,,,,,16.0,,
2024-10-28,MABEE L 4 (1WP),OVERPASS - NO USABLE DATA - CLOUDS,12:35:07,17:35:07,S2,,,,,,37.0,,
2024-10-28,MABEE L CTB,OVERPASS - NO USABLE DATA - CLOUDS,12:35:07,17:35:07,S2,,,,,,37.0,,
2024-10-28,MABEE LMNOP FACILITY,OVERPASS - NO USABLE DATA - CLOUDS,12:35:07,17:35:07,S2,,,,,,37.0,,
2024-10-28,MABEE LN H CTB 1,OVERPASS - NO USABLE DATA - CLOUDS,12:35:07,17:35:07,S2,,,,,,37.0,,
2024-10-28,MABEE MN-QEP (3WP),OVERPASS - NO USABLE DATA - CLOUDS,12:35:07,17:35:07,S2,,,,,,37.0,,
2024-10-28,MABEE MN-QEP (5WP),OVERPASS - NO USABLE DATA - CLOUDS,12:35:07,17:35:07,S2,,,,,,37.0,,
2024-10-28,MABEE RANCH C H 2WD (1WP),OVERPASS - NO USABLE DATA - CLOUDS,12:35:07,17:35:07,S2,,,,,,37.0,,
2024-10-28,MABEE RANCH CH 5WB (1WP),OVERPASS - NO USABLE DATA - CLOUDS,12:35:07,17:35:07,S2,,,,,,37.0,,
2024-10-28,MABEE RANCH K 12 (1WP),OVERPASS - NO DETECTION,12:35:07,17:35:07,S2,,,,,,16.0,,
2024-10-28,MABEE RANCH K 2 (1WP),OVERPASS - NO DETECTION,12:35:07,17:35:07,S2,,,,,,16.0,,
2024-10-28,MABEE RANCH LN H 1WD (1WP),OVERPASS - NO USABLE DATA - CLOUDS,12:35:07,17:35:07,S2,,,,,,37.0,,
2024-10-28,MABEE RANCH S 10MS (1WP),OVERPASS - NO DETECTION,12:35:07,17:35:07,S2,,,,,,16.0,,
2024-10-28,MABEE W CTB,OVERPASS - NO USABLE DATA - CLOUDS,12:35:07,17:35:07,S2,,,,,,37.0,,
2024-10-28,MABEE WL 1 (6WP),OVERPASS - NO USABLE DATA - CLOUDS,12:35:07,17:35:07,S2,,,,,,37.0,,
2024-10-28,MABEE XE/WL 2 (6WP),OVERPASS - NO USABLE DATA - CLOUDS,12:35:07,17:35:07,S2,,,,,,37.0,,
2024-10-28,MABEE Y CTB,OVERPASS - NO DETECTION,12:35:07,17:35:07,S2,,,,,,16.0,,
2024-10-28,MABEE Y UL CTB,OVERPASS - NO USABLE DATA - CLOUDS,12:35:07,17:35:07,S2,,,,,,37.0,,
2024-10-28,MABEL ABSHIER BATTERY,NO OVERPASS,,,,,,,,,,,
2024-10-28,MADISON (437) BATTERY,OVERPASS - NO USABLE DATA - CLOUDS,12:35:07,17:35:07,S2,,,,,,31.0,,
2024-10-28,MADISON 1 BATTERY,OVERPASS - NO USABLE DATA - CLOUDS,12:35:05,17:35:05,S2,,,,,,99.0,,
2024-10-28,MADISON 10 BATTERY,OVERPASS - NO USABLE DATA - CLOUDS,12:35:05,17:35:05,S2,,,,,,73.0,,
2024-10-28,MAK BATTERY,OVERPASS - NO USABLE DATA - CLOUDS,12:34:52,17:34:52,S2,,,,,,20.0,,
2024-10-28,MALCOLM BATTERY,OVERPASS - NO DETECTION,12:35:07,17:35:07,S2,,,,,,12.0,,
2024-10-28,MALCOLM-JANET 3847 A/B 101/201H (2WP),OVERPASS - NO DETECTION,12:35:07,17:35:07,S2,,,,,,12.0,,
2024-10-28,MARGARET (4WP),OVERPASS - NO USABLE DATA - CLOUDS,12:35:05,17:35:05,S2,,,,,,96.0,,
2024-10-28,MARGARET 247 A BATTERY,OVERPASS - NO USABLE DATA - CLOUDS,12:35:05,17:35:05,S2,,,,,,96.0,,
2024-10-28,MARGARET 247 G BATTERY,OVERPASS - NO USABLE DATA - CLOUDS,12:35:05,17:35:05,S2,,,,,,96.0,,
2024-10-28,MARGARET M4 (ALLOCATION-1SH) 1LB/2LA/3LL (3WP),OVERPASS - NO USABLE DATA - CLOUDS,12:35:05,17:35:05,S2,,,,,,96.0,,
2024-10-28,MARGARET M4 4LB/5UB/6LL (3WP),OVERPASS - NO USABLE DATA - CLOUDS,12:35:05,17:35:05,S2,,,,,,96.0,,
2024-10-28,MARGARET M4 BATTERY,OVERPASS - NO USABLE DATA - CLOUDS,12:35:05,17:35:05,S2,,,,,,96.0,,
2024-10-28,MARGARET/SIPAPU (4WP),OVERPASS - NO USABLE DATA - CLOUDS,12:35:05,17:35:05,S2,,,,,,96.0,,
2024-10-28,MARTIN 40 CTB,OVERPASS - NO USABLE DATA - CLOUDS,12:35:05,17:35:05,S2,,,,,,56.00000000000001,,
2024-10-28,MARTIN UNIT CTB,OVERPASS - NO USABLE DATA - CLOUDS,12:35:05,17:35:05,S2,,,,,,56.00000000000001,,
2024-10-28,MARY ELLEN BATTERY,OVERPASS - NO DETECTION,12:35:07,17:35:07,S2,,,,,,12.0,,
2024-10-28,MATARO BATTERY,OVERPASS - NO USABLE DATA - CLOUDS,12:34:51,17:34:51,S2,,,,,,35.0,,
2024-10-28,MAVERICK 11-2 BATTERY,OVERPASS - NO USABLE DATA - CLOUDS,12:35:05,17:35:05,S2,,,,,,73.0,,
2024-10-28,MAXWELL 15 BATTERY,OVERPASS - NO USABLE DATA - CLOUDS,12:35:05,17:35:05,S2,,,,,,23.0,,
2024-10-28,MAY 2501 & 2502H BATTERY,NO OVERPASS,,,,,,,,,,,
2024-10-28,MAYBERRY BATTERY,OVERPASS - NO DETECTION,12:35:07,17:35:07,S2,,,,,,7.000000000000001,,
2024-10-28,MAYO SN 48-37 BATTERY,OVERPASS - NO USABLE DATA - CLOUDS,12:34:51,17:34:51,S2,,,,,,79.0,,
2024-10-28,MCADAMS BATTERY,OVERPASS - NO USABLE DATA - CLOUDS,12:35:05,17:35:05,S2,,,,,,84.0,,
2024-10-28,"MCADAMS, GARNER (439) BATTERY",OVERPASS - NO USABLE DATA - CLOUDS,12:35:05,17:35:05,S2,,,,,,100.0,,
2024-10-28,MCCOMBS 1 BATTERY,NO OVERPASS,,,,,,,,,,,
2024-10-28,MCCOMBS 2 1H BATTERY,NO OVERPASS,,,,,,,,,,,
2024-10-28,MCCOMBS 2 2H BATTERY,NO OVERPASS,,,,,,,,,,,
2024-10-28,MCCOMBS STATE 1-12 1H BATTERY,NO OVERPASS,,,,,,,,,,,
2024-10-28,MCCOMBS STATE 1-12 2H BATTERY,NO OVERPASS,,,,,,,,,,,
2024-10-28,MCELROY RANCH F 25 BATTERY,OVERPASS - NO DETECTION,12:35:22,17:35:22,S2,,,,,,5.0,,
2024-10-28,MCELROY RANCH F BATTERY,OVERPASS - NO USABLE DATA - CLOUDS,12:35:07,17:35:07,S2,,,,,,24.0,,
2024-10-28,MCELROY RANCH G BATTERY,OVERPASS - NO USABLE DATA - CLOUDS,12:35:07,17:35:07,S2,,,,,,24.0,,
2024-10-28,MCGREGOR 19 BATTERY,OVERPASS - NO DETECTION,12:35:05,17:35:05,S2,,,,,,0.0,,
2024-10-28,MCINTYRE STATE 34 BATTERY,NO OVERPASS,,,,,,,,,,,
2024-10-28,MCINTYRE STATE 34-33 1H BATTERY,NO OVERPASS,,,,,,,,,,,
2024-10-28,MCINTYRE STATE 34-33 2H BATTERY,NO OVERPASS,,,,,,,,,,,
2024-10-28,MCINTYRE STATE 34-35 1H BATTERY,NO OVERPASS,,,,,,,,,,,
2024-10-28,MCINTYRE STATE 38 1H BATTERY,NO OVERPASS,,,,,,,,,,,
2024-10-28,MCINTYRE STATE 38 2H BATTERY,NO OVERPASS,,,,,,,,,,,
2024-10-28,MCINTYRE STATE 40 1H BATTERY,NO OVERPASS,,,,,,,,,,,
2024-10-28,MCINTYRE STATE 40 2H BATTERY,NO OVERPASS,,,,,,,,,,,
2024-10-28,MEADORS BATTERY,OVERPASS - NO USABLE DATA - CLOUDS,12:35:07,17:35:07,S2,,,,,,21.0,,
2024-10-28,MENDEL STATE 38 1H BATTERY,NO OVERPASS,,,,,,,,,,,
2024-10-28,MIDLAND AKN & AA BATTERY,OVERPASS - NO DETECTION,12:35:07,17:35:07,S2,,,,,,12.0,,
2024-10-28,MILLIE A BATTERY,OVERPASS - NO USABLE DATA - CLOUDS,12:35:07,17:35:07,S2,,,,,,21.0,,
2024-10-28,MILLIE B 12 (1WP),OVERPASS - NO USABLE DATA - CLOUDS,12:35:07,17:35:07,S2,,,,,,21.0,,
2024-10-28,MILLIE B 15 (1WP),OVERPASS - NO USABLE DATA - CLOUDS,12:35:07,17:35:07,S2,,,,,,21.0,,
2024-10-28,MILLIE B 16 (1WP),OVERPASS - NO USABLE DATA - CLOUDS,12:35:07,17:35:07,S2,,,,,,21.0,,
2024-10-28,MILLIE B 17 (1WP),OVERPASS - NO USABLE DATA - CLOUDS,12:35:07,17:35:07,S2,,,,,,21.0,,
2024-10-28,MILLIE B 18 (1WP),OVERPASS - NO USABLE DATA - CLOUDS,12:35:07,17:35:07,S2,,,,,,21.0,,
2024-10-28,MILLIE B 19 (1WP),OVERPASS - NO USABLE DATA - CLOUDS,12:35:07,17:35:07,S2,,,,,,21.0,,
2024-10-28,MILLIE B 21 (1WP),OVERPASS - NO USABLE DATA - CLOUDS,12:35:07,17:35:07,S2,,,,,,21.0,,
2024-10-28,MILLIE B 29 (1WP),OVERPASS - NO USABLE DATA - CLOUDS,12:35:07,17:35:07,S2,,,,,,21.0,,
2024-10-28,MILLIE B 33H (1WP),OVERPASS - NO USABLE DATA - CLOUDS,12:35:07,17:35:07,S2,,,,,,21.0,,
2024-10-28,MILLIE B BATTERY,OVERPASS - NO USABLE DATA - CLOUDS,12:35:07,17:35:07,S2,,,,,,21.0,,
2024-10-28,MILLIE B LEON 05H/06LS (2WP),OVERPASS - NO USABLE DATA - CLOUDS,12:35:07,17:35:07,S2,,,,,,21.0,,
2024-10-28,MILLIE B LEON A/B 101/201 H,OVERPASS - NO USABLE DATA - CLOUDS,12:35:07,17:35:07,S2,,,,,,21.0,,
2024-10-28,MILLIE CD BATTERY,OVERPASS - NO USABLE DATA - CLOUDS,12:35:07,17:35:07,S2,,,,,,21.0,,
2024-10-28,MILLIE `B` 11 (1WP),OVERPASS - NO USABLE DATA - CLOUDS,12:35:07,17:35:07,S2,,,,,,21.0,,
2024-10-28,MILLIE `B` 13 (1WP),OVERPASS - NO USABLE DATA - CLOUDS,12:35:07,17:35:07,S2,,,,,,21.0,,
2024-10-28,MILLIE `B` 23 (1WP),OVERPASS - NO USABLE DATA - CLOUDS,12:35:07,17:35:07,S2,,,,,,21.0,,
2024-10-28,MILLIE `B` 25 (1WP),OVERPASS - NO USABLE DATA - CLOUDS,12:35:07,17:35:07,S2,,,,,,21.0,,
2024-10-28,MINNIE F CROCKETT CTB,OVERPASS - NO USABLE DATA - CLOUDS,12:35:05,17:35:05,S2,,,,,,94.0,,
2024-10-28,MISBEHAVING ST BATTERY,NO OVERPASS,,,,,,,,,,,
2024-10-28,MISSION BATTERY,OVERPASS - NO USABLE DATA - CLOUDS,12:34:51,17:34:51,S2,,,,,,23.0,,
2024-10-28,MOJO 4837 701 (1WP),OVERPASS - NO USABLE DATA - CLOUDS,12:35:07,17:35:07,S2,,,,,,55.00000000000001,,
2024-10-28,MONROE BATTERY,NO OVERPASS,,,,,,,,,,,
2024-10-28,MOONSHINE PAD (10WP),OVERPASS - NO USABLE DATA - CLOUDS,12:35:05,17:35:05,S2,,,,,,91.0,,
2024-10-28,MOORE SHARK 10-9 3WA/5WA (2WP),NO OVERPASS,,,,,,,,,,,
2024-10-28,MOORE SHARK 10-9 4BS/6BS (2WP),NO OVERPASS,,,,,,,,,,,
2024-10-28,MOORE SHARK 10-9 7WA/8SB/9TB (3WP),NO OVERPASS,,,,,,,,,,,
2024-10-28,MOORE-GILMORE 1H BATTERY,NO OVERPASS,,,,,,,,,,,
2024-10-28,MORRISON HB 1 BATTERY,NO OVERPASS,,,,,,,,,,,
2024-10-28,MORRISON HB B 3H BATTERY,NO OVERPASS,,,,,,,,,,,
2024-10-28,MOTT EAST BATTERY,OVERPASS - NO USABLE DATA - CLOUDS,12:35:05,17:35:05,S2,,,,,,84.0,,
2024-10-28,MOTT PAD 1,OVERPASS - NO USABLE DATA - CLOUDS,12:35:05,17:35:05,S2,,,,,,84.0,,
2024-10-28,MOTT PAD 2,OVERPASS - NO USABLE DATA - CLOUDS,12:35:05,17:35:05,S2,,,,,,84.0,,
2024-10-28,MOTT WEST BATTERY,OVERPASS - NO USABLE DATA - CLOUDS,12:35:05,17:35:05,S2,,,,,,84.0,,
2024-10-28,MUD HEN 57-31 1WA/3WA (2WP),NO OVERPASS,,,,,,,,,,,
2024-10-28,MUD HEN 57-31 2BS/4BS (2WP),NO OVERPASS,,,,,,,,,,,
2024-10-28,MUSTANG D BATTERY,OVERPASS - NO USABLE DATA - CLOUDS,12:34:52,17:34:52,S2,,,,,,20.0,,
2024-10-28,MYRICK 1 BATTERY,OVERPASS - NO USABLE DATA - CLOUDS,12:35:05,17:35:05,S2,,,,,,91.0,,
2024-10-28,MYRICK 48 BATTERY,OVERPASS - NO USABLE DATA - CLOUDS,12:35:05,17:35:05,S2,,,,,,91.0,,
2024-10-28,NAIL RANCH CTB,OVERPASS - NO USABLE DATA - CLOUDS,12:35:05,17:35:05,S2,,,,,,66.0,,
2024-10-28,NAKEISHA BATTERY,OVERPASS - NO DETECTION,12:35:07,17:35:07,S2,,,,,,12.0,,
2024-10-28,NANCE 6 B BATTERY,OVERPASS - NO USABLE DATA - CLOUDS,12:35:05,17:35:05,S2,,,,,,100.0,,
2024-10-28,NANCE 6 BATTERY,OVERPASS - NO USABLE DATA - CLOUDS,12:35:05,17:35:05,S2,,,,,,91.0,,
2024-10-28,NEAL LETHCO 10 BATTERY,NO OVERPASS,,,,,,,,,,,
2024-10-28,NEAL LETHCO 16 1H BATTERY,NO OVERPASS,,,,,,,,,,,
2024-10-28,NEAL LETHCO 17 BATTERY,NO OVERPASS,,,,,,,,,,,
2024-10-28,NEAL LETHCO 18 1H BATTERY,NO OVERPASS,,,,,,,,,,,
2024-10-28,NEAL LETHCO 20 BATTERY,NO OVERPASS,,,,,,,,,,,
2024-10-28,NEAL LETHCO 27 BATTERY,NO OVERPASS,,,,,,,,,,,
2024-10-28,NEAL LETHCO 29 1H BATTERY,NO OVERPASS,,,,,,,,,,,
2024-10-28,NEAL LETHCO 29 2 B 2/3WA (2WP),NO OVERPASS,,,,,,,,,,,
2024-10-28,NEAL LETHCO 29 BATTERY,NO OVERPASS,,,,,,,,,,,
2024-10-28,NEAL LETHCO 29-2 4/5/6WA (3WP),NO OVERPASS,,,,,,,,,,,
2024-10-28,NEAL LETHCO 31 1H BATTERY,NO OVERPASS,,,,,,,,,,,
2024-10-28,NEAL LETHCO 34-33 7&8BS (2 WELL),NO OVERPASS,,,,,,,,,,,
2024-10-28,NEAL LETHCO 34-33 B (2 WELL PAD),NO OVERPASS,,,,,,,,,,,
2024-10-28,NEAL LETHCO 34-33 B UNITS 15BS & 16BS,NO OVERPASS,,,,,,,,,,,
2024-10-28,NEAL LETHCO 35-36 1H (1WP),NO OVERPASS,,,,,,,,,,,
2024-10-28,NEAL LETHCO 35-36 5 & 6WA (2 WELL),NO OVERPASS,,,,,,,,,,,
2024-10-28,NEAL LETHCO 35-36 UNIT 2WA (SINGLE),NO OVERPASS,,,,,,,,,,,
2024-10-28,NEAL LETHCO 35-36 UNIT 3/4WA (2 WELL),NO OVERPASS,,,,,,,,,,,
2024-10-28,NEAL LETHCO 38 BATTERY,NO OVERPASS,,,,,,,,,,,
2024-10-28,NEAL LETHCO 39-37 BATTERY,NO OVERPASS,,,,,,,,,,,
2024-10-28,NEAL LETHCO 7 BATTERY,NO OVERPASS,,,,,,,,,,,
2024-10-28,NEAL LETHCO B UNIT 34-33 11WB/ 12WA (2 WELL),NO OVERPASS,,,,,,,,,,,
2024-10-28,NEAL LETHCO SMALLS BATTERY,NO OVERPASS,,,,,,,,,,,
2024-10-28,NEAL LETHCO STATE 20 1H BATTERY,NO OVERPASS,,,,,,,,,,,
2024-10-28,NEAL LETHCO STATE 27-25 1/2WA (2 WELL),NO OVERPASS,,,,,,,,,,,
2024-10-28,NEAL LETHCO STATE 27-25 3WA/4BS (2 WELL PAD),NO OVERPASS,,,,,,,,,,,
2024-10-28,NEAL LETHCO STATE 35-36 7BS (1 WP),NO OVERPASS,,,,,,,,,,,
2024-10-28,NICHOLS 15 BATTERY,OVERPASS - NO USABLE DATA - CLOUDS,12:35:05,17:35:05,S2,,,,,,23.0,,
2024-10-28,NICHOLS 17 BATTERY,OVERPASS - NO USABLE DATA - CLOUDS,12:35:05,17:35:05,S2,,,,,,23.0,,
2024-10-28,NICHOLS 50 BATTERY,OVERPASS - NO USABLE DATA - CLOUDS,12:35:05,17:35:05,S2,,,,,,23.0,,
2024-10-28,NICK CTB,OVERPASS - NO USABLE DATA - CLOUDS,12:35:05,17:35:05,S2,,,,,,94.0,,
2024-10-28,NICKEL 6-13 1H BATTERY,NO OVERPASS,,,,,,,,,,,
2024-10-28,NIMITZ BATTERY,OVERPASS - NO USABLE DATA - CLOUDS,12:34:51,17:34:51,S2,,,,,,100.0,,
2024-10-28,NOKOTA 19 BATTERY,NO OVERPASS,,,,,,,,,,,
2024-10-28,OATES 10N-2 1H BATTERY,NO OVERPASS,,,,,,,,,,,
2024-10-28,OBERLANDER 15 BATTERY,NO OVERPASS,,,,,,,,,,,
2024-10-28,ODD FELLOWS 15 BATTERY,OVERPASS - NO USABLE DATA - CLOUDS,12:35:05,17:35:05,S2,,,,,,23.0,,
2024-10-28,ODOM 11 BATTERY,OVERPASS - NO USABLE DATA - CLOUDS,12:35:05,17:35:05,S2,,,,,,100.0,,
2024-10-28,OLDHAM -D- (508) BATTERY,OVERPASS - NO USABLE DATA - CLOUDS,12:35:05,17:35:05,S2,,,,,,100.0,,
2024-10-28,ONEAL 15 BATTERY,OVERPASS - NO USABLE DATA - CLOUDS,12:35:05,17:35:05,S2,,,,,,73.0,,
2024-10-28,ONEAL BATTERY,OVERPASS - NO DETECTION,12:35:22,17:35:22,S2,,,,,,5.0,,
2024-10-28,OPEN RANGE PAD 1 (8WP),OVERPASS - NO USABLE DATA - CLOUDS,12:35:05,17:35:05,S2,,,,,,99.0,,
2024-10-28,OPEN RANGE PAD 2 (6WP),OVERPASS - NO USABLE DATA - CLOUDS,12:35:05,17:35:05,S2,,,,,,99.0,,
2024-10-28,OPEN RANGE PAD 3 (7WP),OVERPASS - NO USABLE DATA - CLOUDS,12:35:05,17:35:05,S2,,,,,,99.0,,
2024-10-28,ORVIS 37-36 PAD,OVERPASS - NO USABLE DATA - CLOUDS,12:35:05,17:35:05,S2,,,,,,91.0,,
2024-10-28,OTG BATTERY,OVERPASS - NO USABLE DATA - CLOUDS,12:35:07,17:35:07,S2,,,,,,87.0,,
2024-10-28,PAGE ROYALTY 31 1H BATTERY,NO OVERPASS,,,,,,,,,,,
2024-10-28,PAGE ROYALTY 31-32 (2 WELL),NO OVERPASS,,,,,,,,,,,
2024-10-28,PAGE ROYALTY 32 BATTERY,NO OVERPASS,,,,,,,,,,,
2024-10-28,PARKER FARMS 25 BATTERY,OVERPASS - NO USABLE DATA - CLOUDS,12:35:05,17:35:05,S2,,,,,,23.0,,
2024-10-28,PARKER FARMS 25-28 BATTERY,OVERPASS - NO USABLE DATA - CLOUDS,12:35:05,17:35:05,S2,,,,,,23.0,,
2024-10-28,PARKS 38 BATTERY,OVERPASS - NO USABLE DATA - CLOUDS,12:35:07,17:35:07,S2,,,,,,31.0,,
2024-10-28,PARKS NS 17-28 BATTERY,OVERPASS - NO DETECTION,12:35:05,17:35:05,S2,,,,,,2.0,,
2024-10-28,PATRICIA PLOW BATTERY,OVERPASS - NO USABLE DATA - CLOUDS,12:34:51,17:34:51,S2,,,,,,39.0,,
2024-10-28,PATRIOT STATE H BATTERY,NO OVERPASS,,,,,,,,,,,
2024-10-28,PATTON BATTERY,OVERPASS - NO USABLE DATA - CLOUDS,12:35:05,17:35:05,S2,,,,,,97.0,,
2024-10-28,PATTON EAST PAD,OVERPASS - NO USABLE DATA - CLOUDS,12:35:05,17:35:05,S2,,,,,,97.0,,
2024-10-28,PEGGY 200 2 (3WP),OVERPASS - NO USABLE DATA - CLOUDS,12:35:05,17:35:05,S2,,,,,,78.0,,
2024-10-28,PEGGY 5/6 401/402 (2WP),OVERPASS - NO USABLE DATA - CLOUDS,12:35:05,17:35:05,S2,,,,,,78.0,,
2024-10-28,PEGGY 9/10/11 301/302/303 (3WP),OVERPASS - NO USABLE DATA - CLOUDS,12:35:05,17:35:05,S2,,,,,,78.0,,
2024-10-28,PEGGY A 102WA (1WP),OVERPASS - NO USABLE DATA - CLOUDS,12:35:05,17:35:05,S2,,,,,,78.0,,
2024-10-28,PEGGY BATTERY,OVERPASS - NO USABLE DATA - CLOUDS,12:35:07,17:35:07,S2,,,,,,21.0,,
2024-10-28,PEGGY EAST BATTERY,OVERPASS - NO USABLE DATA - CLOUDS,12:35:05,17:35:05,S2,,,,,,78.0,,
2024-10-28,PERCHERON H BATTERY,NO OVERPASS,,,,,,,,,,,
2024-10-28,PHANTOM-BURKHOLDER UNIT 1H BATTERY,NO OVERPASS,,,,,,,,,,,
2024-10-28,PHILLIPS 20 BATTERY,OVERPASS - NO DETECTION,12:35:05,17:35:05,S2,,,,,,0.0,,
2024-10-28,PHILLIPS 39 BATTERY,OVERPASS - NO USABLE DATA - CLOUDS,12:34:51,17:34:51,S2,,,,,,79.0,,
2024-10-28,PHILLIPS UNIT BATTERY,OVERPASS - NO USABLE DATA - CLOUDS,12:34:51,17:34:51,S2,,,,,,79.0,,
2024-10-28,PINOTAGE BATTERY,OVERPASS - NO USABLE DATA - CLOUDS,12:34:51,17:34:51,S2,,,,,,39.0,,
2024-10-28,PIPER STATE BATTERY,NO OVERPASS,,,,,,,,,,,
2024-10-28,POWELL -36- BATTERY,OVERPASS - NO USABLE DATA - CLOUDS,12:34:51,17:34:51,S2,,,,,,79.0,,
2024-10-28,POWELL 43 BATTERY,OVERPASS - NO USABLE DATA - CLOUDS,12:35:05,17:35:05,S2,,,,,,91.0,,
2024-10-28,POWELL SN 36-25 MSTR OT BATTERY,OVERPASS - NO USABLE DATA - CLOUDS,12:34:51,17:34:51,S2,,,,,,79.0,,
2024-10-28,PW CTB,OVERPASS - NO USABLE DATA - CLOUDS,12:35:05,17:35:05,S2,,,,,,94.0,,
2024-10-28,QUARTERBACK BATTERY,NO OVERPASS,,,,,,,,,,,
2024-10-28,RAFE BATTERY,OVERPASS - NO USABLE DATA - CLOUDS,12:35:07,17:35:07,S2,,,,,,21.0,,
2024-10-28,RAINBOW 33-70 BATTERY,NO OVERPASS,,,,,,,,,,,
2024-10-28,RANGER 13-15 PAD 1 (4WP),NO OVERPASS,,,,,,,,,,,
2024-10-28,RATLIFF B BATTERY,OVERPASS - NO USABLE DATA - CLOUDS,12:35:05,17:35:05,S2,,,,,,100.0,,
2024-10-28,RATLIFF RANCH A 1035,OVERPASS - NO USABLE DATA - CLOUDS,12:35:07,17:35:07,S2,,,,,,49.0,,
2024-10-28,RATLIFF RANCH H BATTERY,OVERPASS - NO USABLE DATA - CLOUDS,12:35:07,17:35:07,S2,,,,,,49.0,,
2024-10-28,RATLIFF SALLIE W D 1,OVERPASS - NO USABLE DATA - CLOUDS,12:35:07,17:35:07,S2,,,,,,49.0,,
2024-10-28,RAY H BATTERY,OVERPASS - NO USABLE DATA - CLOUDS,12:35:05,17:35:05,S2,,,,,,100.0,,
2024-10-28,RAZORBACK BATTERY,NO OVERPASS,,,,,,,,,,,
2024-10-28,RECURVE 13-12 1&2 (6WP),OVERPASS - NO USABLE DATA - CLOUDS,12:35:05,17:35:05,S2,,,,,,100.0,,
2024-10-28,RECURVE 13-12 3/4/5 (10WP),OVERPASS - NO USABLE DATA - CLOUDS,12:35:05,17:35:05,S2,,,,,,100.0,,
2024-10-28,REDBULL 1-72 BATTERY,NO OVERPASS,,,,,,,,,,,
2024-10-28,REDCLOUD 3 BATTERY,NO OVERPASS,,,,,,,,,,,
2024-10-28,REED 11 BATTERY,NO OVERPASS,,,,,,,,,,,
2024-10-28,REED 116 BATTERY,OVERPASS - NO USABLE DATA - CLOUDS,12:34:51,17:34:51,S2,,,,,,100.0,,
2024-10-28,REED UNIT H BATTERY,OVERPASS - NO USABLE DATA - CLOUDS,12:34:51,17:34:51,S2,,,,,,79.0,,
2024-10-28,REUSS GT 1 BATTERY,NO OVERPASS,,,,,,,,,,,
2024-10-28,REUSS GT A 1 BATTERY,NO OVERPASS,,,,,,,,,,,
2024-10-28,RFD BATTERY,OVERPASS - NO USABLE DATA - CLOUDS,12:35:07,17:35:07,S2,,,,,,55.00000000000001,,
2024-10-28,RHODES -16A- (554) BATTERY,OVERPASS - NO USABLE DATA - CLOUDS,12:35:05,17:35:05,S2,,,,,,100.0,,
2024-10-28,RIDGWAY BATTERY,OVERPASS - NO USABLE DATA - CLOUDS,12:34:51,17:34:51,S2,,,,,,100.0,,
2024-10-28,RIESLING ROSE BATTERY,OVERPASS - NO USABLE DATA - CLOUDS,12:34:51,17:34:51,S2,,,,,,23.0,,
2024-10-28,RIGGAN 39 CTB,OVERPASS - NO USABLE DATA - CLOUDS,12:35:05,17:35:05,S2,,,,,,56.00000000000001,,
2024-10-28,RILEY BATTERY,OVERPASS - NO USABLE DATA - CLOUDS,12:35:05,17:35:05,S2,,,,,,100.0,,
2024-10-28,RIVER CAT 57-33 2/3BS (3WP),NO OVERPASS,,,,,,,,,,,
2024-10-28,RIVER CAT 57-33 A1WA B2BS & C3BS WELL PAD SITE,NO OVERPASS,,,,,,,,,,,
2024-10-28,RIVER JACK BATTERY,NO OVERPASS,,,,,,,,,,,
2024-10-28,RIVERBOAT BATTERY,NO OVERPASS,,,,,,,,,,,
2024-10-28,ROBERTSON RANCH EAST BATTERY,OVERPASS - NO USABLE DATA - CLOUDS,12:35:05,17:35:05,S2,,,,,,56.00000000000001,,
2024-10-28,ROCK RIVER STATE 30-1 1H BATTERY,NO OVERPASS,,,,,,,,,,,
2024-10-28,ROGERS 6 BATTERY,NO OVERPASS,,,,,,,,,,,
2024-10-28,ROGERS 6-1 & 6 UNIT 2 BATTERY,NO OVERPASS,,,,,,,,,,,
2024-10-28,ROLL CALL PAD 1 (6WP),OVERPASS - NO USABLE DATA - CLOUDS,12:35:05,17:35:05,S2,,,,,,56.00000000000001,,
2024-10-28,ROLL CALL PAD 2 (6WP),OVERPASS - NO USABLE DATA - CLOUDS,12:35:05,17:35:05,S2,,,,,,56.00000000000001,,
2024-10-28,ROMAN 19 BATTERY,OVERPASS - NO DETECTION,12:35:05,17:35:05,S2,,,,,,0.0,,
2024-10-28,ROMAN 20 BATTERY,OVERPASS - NO DETECTION,12:35:05,17:35:05,S2,,,,,,0.0,,
2024-10-28,ROSE MARIE BATTERY,OVERPASS - NO DETECTION,12:35:07,17:35:07,S2,,,,,,12.0,,
2024-10-28,ROXIE NEAL 1 BATTERY,NO OVERPASS,,,,,,,,,,,
2024-10-28,ROXIE STATE 6 1H BATTERY,NO OVERPASS,,,,,,,,,,,
2024-10-28,ROY 1 BATTERY,OVERPASS - NO USABLE DATA - CLOUDS,12:35:05,17:35:05,S2,,,,,,91.0,,
2024-10-28,ROY PARKS BATTERY,OVERPASS - NO USABLE DATA - CLOUDS,12:35:07,17:35:07,S2,,,,,,50.0,,
2024-10-28,RYLEE P BATTERY,OVERPASS - NO USABLE DATA - CLOUDS,12:35:05,17:35:05,S2,,,,,,100.0,,
2024-10-28,SABINE 10S-2 1H BATTERY,NO OVERPASS,,,,,,,,,,,
2024-10-28,SABINE H BATTERY,NO OVERPASS,,,,,,,,,,,
2024-10-28,"SADLER, DORIS 16 (576) BATTERY",OVERPASS - NO USABLE DATA - CLOUDS,12:35:05,17:35:05,S2,,,,,,100.0,,
2024-10-28,SAGE-GUIDON (6WP),OVERPASS - NO USABLE DATA - CLOUDS,12:35:05,17:35:05,S2,,,,,,91.0,,
2024-10-28,SALISBURY BATTERY,NO OVERPASS,,,,,,,,,,,
2024-10-28,SALLIE 11 BATTERY,OVERPASS - NO DETECTION,12:35:07,17:35:07,S2,,,,,,12.0,,
2024-10-28,SALLIE 13 BATTERY,OVERPASS - NO DETECTION,12:35:07,17:35:07,S2,,,,,,12.0,,
2024-10-28,SALLIE 14 BATTERY,OVERPASS - NO DETECTION,12:35:07,17:35:07,S2,,,,,,12.0,,
2024-10-28,SALLIE 2 BATTERY,OVERPASS - NO USABLE DATA - CLOUDS,12:35:07,17:35:07,S2,,,,,,50.0,,
2024-10-28,SALLIE 23 BATTERY,OVERPASS - NO DETECTION,12:35:07,17:35:07,S2,,,,,,12.0,,
2024-10-28,SALLIE A BATTERY,OVERPASS - NO DETECTION,12:35:07,17:35:07,S2,,,,,,12.0,,
2024-10-28,SALLIE B BATTERY,OVERPASS - NO DETECTION,12:35:07,17:35:07,S2,,,,,,12.0,,
2024-10-28,SALLIE C BATTERY,OVERPASS - NO USABLE DATA - CLOUDS,12:35:07,17:35:07,S2,,,,,,50.0,,
2024-10-28,SALLIE D BATTERY,OVERPASS - NO USABLE DATA - CLOUDS,12:35:07,17:35:07,S2,,,,,,50.0,,
2024-10-28,SALLIE E BATTERY,OVERPASS - NO USABLE DATA - CLOUDS,12:35:07,17:35:07,S2,,,,,,50.0,,
2024-10-28,SALLIE F BATTERY,OVERPASS - NO DETECTION,12:35:07,17:35:07,S2,,,,,,12.0,,
2024-10-28,SAM CTB,OVERPASS - NO USABLE DATA - CLOUDS,12:35:05,17:35:05,S2,,,,,,99.0,,
2024-10-28,SARAH A CTB,OVERPASS - NO USABLE DATA - CLOUDS,12:35:05,17:35:05,S2,,,,,,99.0,,
2024-10-28,SAXON H BATTERY,OVERPASS - NO USABLE DATA - CLOUDS,12:35:05,17:35:05,S2,,,,,,100.0,,
2024-10-28,SCHARBAUER 27-34 BATTERY,OVERPASS - NO USABLE DATA - CLOUDS,12:35:07,17:35:07,S2,,,,,,28.999999999999996,,
2024-10-28,SCHUELKE 28 BATTERY,OVERPASS - NO DETECTION,12:35:05,17:35:05,S2,,,,,,0.0,,
2024-10-28,SCHWERTNER-DANIEL B BATTERY,OVERPASS - NO USABLE DATA - CLOUDS,12:35:05,17:35:05,S2,,,,,,100.0,,
2024-10-28,SEM NS/WEST 14-23 BATTERY,OVERPASS - NO USABLE DATA - CLOUDS,12:35:05,17:35:05,S2,,,,,,100.0,,
2024-10-28,SEM SN 35-26 (1220) BATTERY,OVERPASS - NO USABLE DATA - CLOUDS,12:35:05,17:35:05,S2,,,,,,100.0,,
2024-10-28,SHAFFER 15 BATTERY,OVERPASS - NO USABLE DATA - CLOUDS,12:35:05,17:35:05,S2,,,,,,73.0,,
2024-10-28,SHAFFER 2 BATTERY,OVERPASS - NO USABLE DATA - CLOUDS,12:35:05,17:35:05,S2,,,,,,73.0,,
2024-10-28,SHAFFRATH 26 1H BATTERY,NO OVERPASS,,,,,,,,,,,
2024-10-28,SHARK 14-23 1LL/3UB/2UA/4LB WALKER 14-11 4LR (5WP),OVERPASS - NO USABLE DATA - CLOUDS,12:35:05,17:35:05,S2,,,,,,94.0,,
2024-10-28,SHARK PAD A,OVERPASS - NO USABLE DATA - CLOUDS,12:35:05,17:35:05,S2,,,,,,94.0,,
2024-10-28,SHARK PAD B,OVERPASS - NO USABLE DATA - CLOUDS,12:35:05,17:35:05,S2,,,,,,94.0,,
2024-10-28,SHARKTOOTH 3-4 (2 WELL PAD),NO OVERPASS,,,,,,,,,,,
2024-10-28,SHARKTOOTH 3-4 3/4/5 (3WP),NO OVERPASS,,,,,,,,,,,
2024-10-28,SHARKTOOTH 3H BATTERY,NO OVERPASS,,,,,,,,,,,
2024-10-28,SHELLEY BATTERY,OVERPASS - NO DETECTION,12:35:07,17:35:07,S2,,,,,,12.0,,
2024-10-28,SHERMAN 6 BATTERY,NO OVERPASS,,,,,,,,,,,
2024-10-28,SHERRY BATTERY,OVERPASS - NO USABLE DATA - CLOUDS,12:35:07,17:35:07,S2,,,,,,21.0,,
2024-10-28,SHIRLEY B BATTERY,OVERPASS - NO USABLE DATA - CLOUDS,12:35:07,17:35:07,S2,,,,,,50.0,,
2024-10-28,SHIRLEY BATTERY,OVERPASS - NO USABLE DATA - CLOUDS,12:35:07,17:35:07,S2,,,,,,50.0,,
2024-10-28,SHORTES HZ BATTERY,OVERPASS - NO USABLE DATA - CLOUDS,12:34:51,17:34:51,S2,,,,,,79.0,,
2024-10-28,SHUTTLE H BATTERY,NO OVERPASS,,,,,,,,,,,
2024-10-28,SIBLEY H BATTERY,NO OVERPASS,,,,,,,,,,,
2024-10-28,SIDEWINDER 1-68 BATTERY,NO OVERPASS,,,,,,,,,,,
2024-10-28,SILVERADO-GUIDON EAST PAD (5WP),OVERPASS - NO USABLE DATA - CLOUDS,12:35:05,17:35:05,S2,,,,,,99.0,,
2024-10-28,SILVERADO-GUIDON WEST PAD (5WP),OVERPASS - NO USABLE DATA - CLOUDS,12:35:05,17:35:05,S2,,,,,,99.0,,
2024-10-28,SILVERSMOKE H BATTERY,OVERPASS - NO USABLE DATA - CLOUDS,12:35:05,17:35:05,S2,,,,,,99.0,,
2024-10-28,SIMMS PAD 1 (6WP),OVERPASS - NO USABLE DATA - CLOUDS,12:35:05,17:35:05,S2,,,,,,91.0,,
2024-10-28,SKYFALL BATTERY,NO OVERPASS,,,,,,,,,,,
2024-10-28,SLICKROCK 24 BATTERY,NO OVERPASS,,,,,,,,,,,
2024-10-28,SMITH -16- BATTERY,OVERPASS - NO USABLE DATA - CLOUDS,12:35:05,17:35:05,S2,,,,,,100.0,,
2024-10-28,SMITH -48A- BATTERY,OVERPASS - NO DETECTION,12:34:51,17:34:51,S2,,,,,,16.0,,
2024-10-28,SMITH BROS 3H CTB,OVERPASS - NO USABLE DATA - CLOUDS,12:35:20,17:35:20,S2,,,,,,100.0,,
2024-10-28,SMITH JALONICK FACILITY,OVERPASS - NO USABLE DATA - CLOUDS,12:35:05,17:35:05,S2,,,,,,100.0,,
2024-10-28,SMITH SN 48-37 BATTERY,OVERPASS - NO USABLE DATA - CLOUDS,12:34:51,17:34:51,S2,,,,,,79.0,,
2024-10-28,SNELL BATTERY,OVERPASS - NO USABLE DATA - CLOUDS,12:34:51,17:34:51,S2,,,,,,100.0,,
2024-10-28,SONJA (630) BATTERY,OVERPASS - NO USABLE DATA - CLOUDS,12:35:07,17:35:07,S2,,,,,,31.0,,
2024-10-28,SOTO PAD,OVERPASS - NO USABLE DATA - CLOUDS,12:35:05,17:35:05,S2,,,,,,91.0,,
2024-10-28,SOUTH HEADLEE BATTERY,OVERPASS - NO USABLE DATA - CLOUDS,12:35:07,17:35:07,S2,,,,,,50.0,,
2024-10-28,SOUTH KNOTT H BATTERY,OVERPASS - NO DETECTION,12:35:05,17:35:05,S2,,,,,,0.0,,
2024-10-28,SPAATZ BATTERY,OVERPASS - NO DETECTION,12:35:05,17:35:05,S2,,,,,,2.0,,
2024-10-28,SPECK 1-OZIER 11-LOMOCO 2 BATTERY,OVERPASS - NO USABLE DATA - CLOUDS,12:34:51,17:34:51,S2,,,,,,23.0,,
2024-10-28,SRN MARGIE BATTERY,OVERPASS - NO USABLE DATA - CLOUDS,12:35:05,17:35:05,S2,,,,,,99.0,,
2024-10-28,SRS BESSIE BATTERY,OVERPASS - NO USABLE DATA - CLOUDS,12:35:05,17:35:05,S2,,,,,,56.00000000000001,,
2024-10-28,ST 4041/4042/4043/4044 (4 WP),OVERPASS - NO DETECTION,12:35:07,17:35:07,S2,,,,,,13.0,,
2024-10-28,ST 40H- 44H BATTERY,OVERPASS - NO USABLE DATA - CLOUDS,12:35:07,17:35:07,S2,,,,,,28.999999999999996,,
2024-10-28,ST 41 BATTERY,OVERPASS - NO USABLE DATA - CLOUDS,12:35:07,17:35:07,S2,,,,,,28.999999999999996,,
2024-10-28,ST 44-45-S5E BATTERY,OVERPASS - NO DETECTION,12:35:07,17:35:07,S2,,,,,,13.0,,
2024-10-28,ST 45 H BATTERY,OVERPASS - NO USABLE DATA - CLOUDS,12:35:07,17:35:07,S2,,,,,,28.999999999999996,,
2024-10-28,ST 4540/BOMBARDIER (4WP),OVERPASS - NO DETECTION,12:35:07,17:35:07,S2,,,,,,13.0,,
2024-10-28,ST 5H-6H WEST BATTERY,OVERPASS - NO DETECTION,12:35:07,17:35:07,S2,,,,,,13.0,,
2024-10-28,ST 6-43-S5 W BATTERY,OVERPASS - NO DETECTION,12:35:07,17:35:07,S2,,,,,,13.0,,
2024-10-28,ST E 38 H BATTERY,OVERPASS - NO USABLE DATA - CLOUDS,12:35:07,17:35:07,S2,,,,,,28.999999999999996,,
2024-10-28,ST NEAL LETHCO 27-25 E 5BS (1WP),NO OVERPASS,,,,,,,,,,,
2024-10-28,ST NEAL LETHCO 30-115 4BS/ST WHALE 30-26 5BS (2WP),NO OVERPASS,,,,,,,,,,,
2024-10-28,ST NORTH H BATTERY,OVERPASS - NO USABLE DATA - CLOUDS,12:35:07,17:35:07,S2,,,,,,28.999999999999996,,
2024-10-28,ST NW 25-36 H BATTERY,OVERPASS - NO USABLE DATA - CLOUDS,12:35:07,17:35:07,S2,,,,,,33.0,,
2024-10-28,"ST S 504, ST-SST RR 501/502",OVERPASS - NO DETECTION,12:35:07,17:35:07,S2,,,,,,13.0,,
2024-10-28,ST S 514 (1WP),OVERPASS - NO DETECTION,12:35:07,17:35:07,S2,,,,,,13.0,,
2024-10-28,ST S 803/804 (1WP),OVERPASS - NO DETECTION,12:35:07,17:35:07,S2,,,,,,13.0,,
2024-10-28,ST S 804 (1WP),OVERPASS - NO DETECTION,12:35:07,17:35:07,S2,,,,,,13.0,,
2024-10-28,ST S 805 (1WP),OVERPASS - NO DETECTION,12:35:07,17:35:07,S2,,,,,,13.0,,
2024-10-28,ST S-ST RR D 504H (1WP),OVERPASS - NO DETECTION,12:35:07,17:35:07,S2,,,,,,13.0,,
2024-10-28,ST S-ST RR H/I 503/504 (2WP),OVERPASS - NO DETECTION,12:35:07,17:35:07,S2,,,,,,13.0,,
2024-10-28,ST S5H BATTERY,OVERPASS - NO DETECTION,12:35:07,17:35:07,S2,,,,,,13.0,,
2024-10-28,ST SOUTH H BATTERY,OVERPASS - NO DETECTION,12:35:07,17:35:07,S2,,,,,,13.0,,
2024-10-28,ST W #704,OVERPASS - NO DETECTION,12:35:07,17:35:07,S2,,,,,,13.0,,
2024-10-28,ST W #707,OVERPASS - NO DETECTION,12:35:07,17:35:07,S2,,,,,,13.0,,
2024-10-28,ST W #708 (1WP),OVERPASS - NO DETECTION,12:35:07,17:35:07,S2,,,,,,13.0,,
2024-10-28,ST W 206 (1WP),OVERPASS - NO DETECTION,12:35:07,17:35:07,S2,,,,,,13.0,,
2024-10-28,ST W 43H WEST BATTERY,OVERPASS - NO DETECTION,12:35:07,17:35:07,S2,,,,,,13.0,,
2024-10-28,ST W 6-12,OVERPASS - NO DETECTION,12:35:07,17:35:07,S2,,,,,,13.0,,
2024-10-28,ST W 601/602 LS (2WP),OVERPASS - NO DETECTION,12:35:07,17:35:07,S2,,,,,,13.0,,
2024-10-28,ST W 7 BATTERY,OVERPASS - NO DETECTION,12:35:07,17:35:07,S2,,,,,,13.0,,
2024-10-28,ST W 7H BATTERY,OVERPASS - NO DETECTION,12:35:07,17:35:07,S2,,,,,,13.0,,
2024-10-28,STAGGS #1 BATTERY,OVERPASS - NO USABLE DATA - CLOUDS,12:34:51,17:34:51,S2,,,,,,79.0,,
2024-10-28,STATE 53-6 BATTERY,NO OVERPASS,,,,,,,,,,,
2024-10-28,STATE 54-6 #1 BATTERY,NO OVERPASS,,,,,,,,,,,
2024-10-28,STATE 54-6 #2 BATTERY,NO OVERPASS,,,,,,,,,,,
2024-10-28,STATE 54-8 1 (1WP),NO OVERPASS,,,,,,,,,,,
2024-10-28,STATE 6-1 BATTERY,NO OVERPASS,,,,,,,,,,,
2024-10-28,STATE BARB 10-5 C 3BS (1WP),NO OVERPASS,,,,,,,,,,,
2024-10-28,STATE BIGGS BATTERY,NO OVERPASS,,,,,,,,,,,
2024-10-28,STATE BRUMBY H BATTERY,NO OVERPASS,,,,,,,,,,,
2024-10-28,STATE C 19-15 BATTERY,NO OVERPASS,,,,,,,,,,,
2024-10-28,STATE C 19-20 BATTERY,NO OVERPASS,,,,,,,,,,,
2024-10-28,STATE CHAPMAN BATTERY,NO OVERPASS,,,,,,,,,,,
2024-10-28,STATE EOT WHALE BATTERY,NO OVERPASS,,,,,,,,,,,
2024-10-28,STATE EOT WHALE UNIT 30-26 (3 WELL PAD),NO OVERPASS,,,,,,,,,,,
2024-10-28,STATE EOT WHALE UNIT 30-26 6BS /7BS,NO OVERPASS,,,,,,,,,,,
2024-10-28,STATE FRANKLIN 67-1 BATTERY,NO OVERPASS,,,,,,,,,,,
2024-10-28,STATE GYPSY 1/2 (2WP),NO OVERPASS,,,,,,,,,,,
2024-10-28,STATE JOHNSON 68 BATTERY,NO OVERPASS,,,,,,,,,,,
2024-10-28,STATE NEAL LETHCO 36 32 BATTERY,NO OVERPASS,,,,,,,,,,,
2024-10-28,STATE ROCK RIVER H BATTERY,NO OVERPASS,,,,,,,,,,,
2024-10-28,STATE SHIRE 1&2 (2WP),NO OVERPASS,,,,,,,,,,,
2024-10-28,STEUBEN BATTERY,OVERPASS - NO DETECTION,12:35:05,17:35:05,S2,,,,,,13.0,,
2024-10-28,STEUBEN PAD,OVERPASS - NO DETECTION,12:35:05,17:35:05,S2,,,,,,13.0,,
2024-10-28,STEVEN 2 BATTERY,OVERPASS - NO USABLE DATA - CLOUDS,12:35:05,17:35:05,S2,,,,,,73.0,,
2024-10-28,STEWART 22-15 1H BATTERY,NO OVERPASS,,,,,,,,,,,
2024-10-28,STEWART 28 BATTERY,NO OVERPASS,,,,,,,,,,,
2024-10-28,STEWART 28-21 1H BATTERY,NO OVERPASS,,,,,,,,,,,
2024-10-28,STEWART 30 1H BATTERY,NO OVERPASS,,,,,,,,,,,
2024-10-28,STOKES 221 BATTERY,OVERPASS - NO USABLE DATA - CLOUDS,12:34:51,17:34:51,S2,,,,,,79.0,,
2024-10-28,STOKES BATTERY,OVERPASS - NO USABLE DATA - CLOUDS,12:34:51,17:34:51,S2,,,,,,79.0,,
2024-10-28,STONE CTB,OVERPASS - NO USABLE DATA - CLOUDS,12:35:05,17:35:05,S2,,,,,,56.00000000000001,,
2024-10-28,STRAIN 10 BATTERY,OVERPASS - NO USABLE DATA - CLOUDS,12:35:05,17:35:05,S2,,,,,,73.0,,
2024-10-28,STRAIN 19 BATTERY,OVERPASS - NO USABLE DATA - CLOUDS,12:35:05,17:35:05,S2,,,,,,73.0,,
2024-10-28,T Y RANCH 2451 & 2453 (14WP),OVERPASS - NO USABLE DATA - CLOUDS,12:35:05,17:35:05,S2,,,,,,96.0,,
2024-10-28,T Y RANCH BATTERY,OVERPASS - NO USABLE DATA - CLOUDS,12:35:05,17:35:05,S2,,,,,,94.0,,
2024-10-28,T-Y (1-9) BATTERY,OVERPASS - NO USABLE DATA - CLOUDS,12:34:51,17:34:51,S2,,,,,,100.0,,
2024-10-28,T-Y (10-14) BATTERY,OVERPASS - NO USABLE DATA - CLOUDS,12:34:51,17:34:51,S2,,,,,,100.0,,
2024-10-28,TARGET H BATTERY,OVERPASS - NO USABLE DATA - CLOUDS,12:35:05,17:35:05,S2,,,,,,100.0,,
2024-10-28,TATE BATTERY,OVERPASS - NO USABLE DATA - CLOUDS,12:35:05,17:35:05,S2,,,,,,83.0,,
2024-10-28,TATIA 0310 A/C 302H/102H (2WP),OVERPASS - NO USABLE DATA - CLOUDS,12:35:07,17:35:07,S2,,,,,,21.0,,
2024-10-28,TATIA 0310 D/A 103H/202H (3WP),OVERPASS - NO USABLE DATA - CLOUDS,12:35:07,17:35:07,S2,,,,,,21.0,,
2024-10-28,TATIA 2 BATTERY,OVERPASS - NO USABLE DATA - CLOUDS,12:35:07,17:35:07,S2,,,,,,21.0,,
2024-10-28,TATIA BATTERY,OVERPASS - NO USABLE DATA - CLOUDS,12:35:07,17:35:07,S2,,,,,,21.0,,
2024-10-28,TETRIS SN 1-48 BATTERY,OVERPASS - NO USABLE DATA - CLOUDS,12:35:05,17:35:05,S2,,,,,,100.0,,
2024-10-28,THE PREACHER 1104H (1WP),NO OVERPASS,,,,,,,,,,,
2024-10-28,THOMASON D (683) BATTERY,OVERPASS - NO USABLE DATA - CLOUDS,12:35:05,17:35:05,S2,,,,,,100.0,,
2024-10-28,"THOMASON, W.A. BATTERY",OVERPASS - NO USABLE DATA - CLOUDS,12:35:05,17:35:05,S2,,,,,,100.0,,
2024-10-28,THUNDERBALL STATE BATTERY,NO OVERPASS,,,,,,,,,,,
2024-10-28,TIGER UNIT SN 245-252 BATTERY,OVERPASS - NO USABLE DATA - CLOUDS,12:35:05,17:35:05,S2,,,,,,94.0,,
2024-10-28,TOM A CTB,OVERPASS - NO USABLE DATA - CLOUDS,12:35:05,17:35:05,S2,,,,,,94.0,,
2024-10-28,TOM SAWYER 43-6 A 6H (1WP),OVERPASS - NO USABLE DATA - CLOUDS,12:35:07,17:35:07,S2,,,,,,55.00000000000001,,
2024-10-28,TOM SAWYER 43-6 C 4H & B 5H WELLPAD,OVERPASS - NO USABLE DATA - CLOUDS,12:35:07,17:35:07,S2,,,,,,55.00000000000001,,
2024-10-28,TOMAHAWK 2425 3&4 (2WP),OVERPASS - NO USABLE DATA - CLOUDS,12:35:05,17:35:05,S2,,,,,,100.0,,
2024-10-28,TOMAHAWK 2425 5&6 (4WP),OVERPASS - NO USABLE DATA - CLOUDS,12:35:05,17:35:05,S2,,,,,,100.0,,
2024-10-28,TOMAHAWK 2425 A 5/6 LS (1WP),OVERPASS - NO USABLE DATA - CLOUDS,12:35:05,17:35:05,S2,,,,,,100.0,,
2024-10-28,TOMAHAWK BATTERY,OVERPASS - NO USABLE DATA - CLOUDS,12:35:05,17:35:05,S2,,,,,,100.0,,
2024-10-28,TORNADO 104 -103 1 (1WP),NO OVERPASS,,,,,,,,,,,
2024-10-28,TRAILAND 4 WELL PAD,OVERPASS - NO USABLE DATA - CLOUDS,12:35:07,17:35:07,S2,,,,,,28.999999999999996,,
2024-10-28,TRAILAND B UNIT 3906/3907/3908 3WP,OVERPASS - NO USABLE DATA - CLOUDS,12:35:07,17:35:07,S2,,,,,,28.999999999999996,,
2024-10-28,TRAILAND B UNIT 3907/3908 (5 WELL),OVERPASS - NO USABLE DATA - CLOUDS,12:35:07,17:35:07,S2,,,,,,28.999999999999996,,
2024-10-28,TRINITY STATE 8 1H BATTERY,NO OVERPASS,,,,,,,,,,,
2024-10-28,TYTEX 41-42 1H BATTERY,NO OVERPASS,,,,,,,,,,,
2024-10-28,TYTEX L1 4601 BATTERY,NO OVERPASS,,,,,,,,,,,
2024-10-28,UL 0312 W10 (5WP),OVERPASS - NO DETECTION,12:35:07,17:35:07,S2,,,,,,16.0,,
2024-10-28,UL 0312 W15 (5WP),OVERPASS - NO DETECTION,12:35:07,17:35:07,S2,,,,,,16.0,,
2024-10-28,UL 1125 CTB,OVERPASS - NO DETECTION,12:35:07,17:35:07,S2,,,,,,16.0,,
2024-10-28,UL 1125 W PAD 1,OVERPASS - NO DETECTION,12:35:07,17:35:07,S2,,,,,,16.0,,
2024-10-28,UL 1125 W PAD 2,OVERPASS - NO DETECTION,12:35:07,17:35:07,S2,,,,,,16.0,,
2024-10-28,UL 1933 CTB,OVERPASS - NO DETECTION,12:35:07,17:35:07,S2,,,,,,16.0,,
2024-10-28,UL 6-26/27 BATTERY,OVERPASS - NO USABLE DATA - CLOUDS,12:34:52,17:34:52,S2,,,,,,20.0,,
2024-10-28,UL 6-40 BATTERY,OVERPASS - NO USABLE DATA - CLOUDS,12:34:52,17:34:52,S2,,,,,,20.0,,
2024-10-28,UL 7 1125 EAST PAD 1,OVERPASS - NO DETECTION,12:35:07,17:35:07,S2,,,,,,16.0,,
2024-10-28,UL 7 1125 EAST PAD 2,OVERPASS - NO DETECTION,12:35:07,17:35:07,S2,,,,,,16.0,,
2024-10-28,UL 7 27 WELL (1WP),OVERPASS - NO USABLE DATA - CLOUDS,12:35:05,17:35:05,S2,,,,,,47.0,,
2024-10-28,UL 7-0312 CTB,OVERPASS - NO DETECTION,12:35:07,17:35:07,S2,,,,,,16.0,,
2024-10-28,UL 7-10 6H PAD,OVERPASS - NO DETECTION,12:35:07,17:35:07,S2,,,,,,16.0,,
2024-10-28,UL 7-1627 S 07WD (9WP),OVERPASS - NO USABLE DATA - CLOUDS,12:34:51,17:34:51,S2,,,,,,39.0,,
2024-10-28,UL 7-1627 S 08SC-N 3WD PAD,OVERPASS - NO USABLE DATA - CLOUDS,12:35:05,17:35:05,S2,,,,,,47.0,,
2024-10-28,UL 7-17 6 (1WP),OVERPASS - NO DETECTION,12:35:07,17:35:07,S2,,,,,,16.0,,
2024-10-28,UL 7-1726 S 6SS-8SS (3WP),OVERPASS - NO DETECTION,12:35:07,17:35:07,S2,,,,,,16.0,,
2024-10-28,UL 7-1726 S11SS-13SS (2WP),OVERPASS - NO DETECTION,12:35:07,17:35:07,S2,,,,,,16.0,,
2024-10-28,UL 7-1726 S16SS-16MS (2WP),OVERPASS - NO DETECTION,12:35:07,17:35:07,S2,,,,,,16.0,,
2024-10-28,UL 7-17B 1 (1WP),OVERPASS - NO DETECTION,12:35:07,17:35:07,S2,,,,,,16.0,,
2024-10-28,UL 7-2730 S 3WD-S 5WD (4WP),OVERPASS - NO USABLE DATA - CLOUDS,12:35:05,17:35:05,S2,,,,,,47.0,,
2024-10-28,UL 7-30 16 (1WP),OVERPASS - NO USABLE DATA - CLOUDS,12:35:05,17:35:05,S2,,,,,,47.0,,
2024-10-28,UL 7-30 5 (1WP),OVERPASS - NO USABLE DATA - CLOUDS,12:35:05,17:35:05,S2,,,,,,47.0,,
2024-10-28,UL 7-30 7 (1WP),OVERPASS - NO USABLE DATA - CLOUDS,12:35:05,17:35:05,S2,,,,,,47.0,,
2024-10-28,UL 7-31H CTB,OVERPASS - NO DETECTION,12:35:07,17:35:07,S2,,,,,,16.0,,
2024-10-28,UL ANTHEM BATTERY,OVERPASS - NO USABLE DATA - CLOUDS,12:35:07,17:35:07,S2,,,,,,24.0,,
2024-10-28,UL BENSON BATTERY,OVERPASS - NO USABLE DATA - CLOUDS,12:35:07,17:35:07,S2,,,,,,70.0,,
2024-10-28,UL BENSON PAD,OVERPASS - NO USABLE DATA - CLOUDS,12:35:07,17:35:07,S2,,,,,,70.0,,
2024-10-28,UL BUMBLE BATTERY,OVERPASS - NO USABLE DATA - CLOUDS,12:34:52,17:34:52,S2,,,,,,48.0,,
2024-10-28,"UL CARNIOLAN 7-49 C 1MS, A  1LS, D 2MS & B 2LS",OVERPASS - NO USABLE DATA - CLOUDS,12:35:07,17:35:07,S2,,,,,,70.0,,
2024-10-28,"UL CARNIOLAN 7-49 I 3MS, G 3LS, J 4MS & H 4LS WELL",OVERPASS - NO USABLE DATA - CLOUDS,12:35:07,17:35:07,S2,,,,,,70.0,,
2024-10-28,UL CARPENTER H BATTERY,OVERPASS - NO USABLE DATA - CLOUDS,12:35:07,17:35:07,S2,,,,,,70.0,,
2024-10-28,UL CENTRAL BATTERY,OVERPASS - NO USABLE DATA - CLOUDS,12:34:52,17:34:52,S2,,,,,,48.0,,
2024-10-28,UL CLEMMER BATTERY,OVERPASS - NO USABLE DATA - CLOUDS,12:34:52,17:34:52,S2,,,,,,20.0,,
2024-10-28,UL COMANCHE 2829 BATTERY,OVERPASS - NO USABLE DATA - CLOUDS,12:34:51,17:34:51,S2,,,,,,39.0,,
2024-10-28,UL COMANCHE 29-42 BATTERY,OVERPASS - NO USABLE DATA - CLOUDS,12:34:51,17:34:51,S2,,,,,,39.0,,
2024-10-28,UL COMANCHE 42 BATTERY,OVERPASS - NO USABLE DATA - CLOUDS,12:34:51,17:34:51,S2,,,,,,39.0,,
2024-10-28,UL COMANCHE A4144 BATTERY,OVERPASS - NO USABLE DATA - CLOUDS,12:34:52,17:34:52,S2,,,,,,20.0,,
2024-10-28,UL DIGGER 1,OVERPASS - NO USABLE DATA - CLOUDS,12:35:07,17:35:07,S2,,,,,,35.0,,
2024-10-28,UL DIGGER 3 BATTERY,OVERPASS - NO USABLE DATA - CLOUDS,12:35:07,17:35:07,S2,,,,,,35.0,,
2024-10-28,UL DIGGER 5H-6H BATTERY,OVERPASS - NO USABLE DATA - CLOUDS,12:35:07,17:35:07,S2,,,,,,35.0,,
2024-10-28,UL DIGGER 7 BATTERY,OVERPASS - NO USABLE DATA - CLOUDS,12:35:07,17:35:07,S2,,,,,,56.00000000000001,,
2024-10-28,UL GDK BATTERY,OVERPASS - NO DETECTION,12:34:52,17:34:52,S2,,,,,,13.0,,
2024-10-28,UL II 49 BATTERY,OVERPASS - NO USABLE DATA - CLOUDS,12:34:52,17:34:52,S2,,,,,,48.0,,
2024-10-28,UL III 12 BATTERY,OVERPASS - NO USABLE DATA - CLOUDS,12:35:07,17:35:07,S2,,,,,,70.0,,
2024-10-28,UL III 4 BATTERY,OVERPASS - NO USABLE DATA - CLOUDS,12:34:52,17:34:52,S2,,,,,,20.0,,
2024-10-28,UL JOHNSON BATTERY,OVERPASS - NO USABLE DATA - CLOUDS,12:34:52,17:34:52,S2,,,,,,48.0,,
2024-10-28,"UL KANSAS 14-1 1JM, 1LS, UL AUBURN 15-28 1JM, 1WA,",OVERPASS - NO DETECTION,12:34:52,17:34:52,S2,,,,,,13.0,,
2024-10-28,UL KESWICK 27-41 A 1JM SL,OVERPASS - NO USABLE DATA - CLOUDS,12:34:52,17:34:52,S2,,,,,,20.0,,
2024-10-28,UL LAKE VALLEY 10-19 1LS SL (7WP),OVERPASS - NO USABLE DATA - CLOUDS,12:34:52,17:34:52,S2,,,,,,48.0,,
2024-10-28,UL LUNATE A 1LS SL,OVERPASS - NO USABLE DATA - CLOUDS,12:34:52,17:34:52,S2,,,,,,48.0,,
2024-10-28,UL LUNATE C 3LS,OVERPASS - NO USABLE DATA - CLOUDS,12:34:52,17:34:52,S2,,,,,,48.0,,
2024-10-28,UL MASON H BATTERY,OVERPASS - NO USABLE DATA - CLOUDS,12:34:52,17:34:52,S2,,,,,,20.0,,
2024-10-28,UL MASON WEST BATTERY,OVERPASS - NO DETECTION,12:35:07,17:35:07,S2,,,,,,16.0,,
2024-10-28,"UL MOCKINGBIRD 13-2 A 1JM, B 2MS, C 2LS, D 2WA & E",OVERPASS - NO DETECTION,12:35:07,17:35:07,S2,,,,,,16.0,,
2024-10-28,UL MS 3107 BATTERY,OVERPASS - NO USABLE DATA - CLOUDS,12:34:52,17:34:52,S2,,,,,,20.0,,
2024-10-28,UL MS HZ BLK 6 UNIT 4106 BATTERY,OVERPASS - NO USABLE DATA - CLOUDS,12:34:52,17:34:52,S2,,,,,,20.0,,
2024-10-28,UL MUSTANG BATTERY,OVERPASS - NO USABLE DATA - CLOUDS,12:34:52,17:34:52,S2,,,,,,20.0,,
2024-10-28,UL NORTH BATTERY,OVERPASS - NO DETECTION,12:34:52,17:34:52,S2,,,,,,13.0,,
2024-10-28,UL NORTHEAST BATTERY,OVERPASS - NO DETECTION,12:34:52,17:34:52,S2,,,,,,13.0,,
2024-10-28,UL PAGE 41-44 WELL PAD,OVERPASS - NO USABLE DATA - CLOUDS,12:34:52,17:34:52,S2,,,,,,20.0,,
2024-10-28,UL SITKA 12-1 6LS SL,OVERPASS - NO USABLE DATA - CLOUDS,12:35:07,17:35:07,S2,,,,,,70.0,,
2024-10-28,UL SITKA 12-1/12-37 3S4S (6WP),OVERPASS - NO USABLE DATA - CLOUDS,12:35:07,17:35:07,S2,,,,,,70.0,,
2024-10-28,UL SITKA 12-37 (6WP),OVERPASS - NO USABLE DATA - CLOUDS,12:35:07,17:35:07,S2,,,,,,70.0,,
2024-10-28,UL SOUTH BATTERY,OVERPASS - NO USABLE DATA - CLOUDS,12:34:52,17:34:52,S2,,,,,,20.0,,
2024-10-28,UL SOUTHWEST BATTERY,OVERPASS - NO USABLE DATA - CLOUDS,12:35:07,17:35:07,S2,,,,,,70.0,,
2024-10-28,UL STANOLIND 30-27 B 1MS SL,OVERPASS - NO USABLE DATA - CLOUDS,12:34:52,17:34:52,S2,,,,,,20.0,,
2024-10-28,UL TAWNEY UNIT 8-12 6LS PAD SITE,OVERPASS - NO USABLE DATA - CLOUDS,12:35:07,17:35:07,S2,,,,,,70.0,,
2024-10-28,UL TAWNY H BATTERY,OVERPASS - NO USABLE DATA - CLOUDS,12:35:07,17:35:07,S2,,,,,,70.0,,
2024-10-28,UL TAWNY PAD,OVERPASS - NO USABLE DATA - CLOUDS,12:35:07,17:35:07,S2,,,,,,70.0,,
2024-10-28,UL TAWNY UNIT 8-12 3LS,OVERPASS - NO USABLE DATA - CLOUDS,12:35:07,17:35:07,S2,,,,,,70.0,,
2024-10-28,UL TAWNY UNIT 8-12 PAD,OVERPASS - NO USABLE DATA - CLOUDS,12:35:07,17:35:07,S2,,,,,,70.0,,
2024-10-28,"UNFORGIVEN 34 113-114 A 605H, 706H, 606H (3WP)",NO OVERPASS,,,,,,,,,,,
2024-10-28,UNFORGIVEN 34 113-114 BATTERY,NO OVERPASS,,,,,,,,,,,
2024-10-28,UNFORGIVEN 34 113-114 D 604H/ENFORCER 34 113-112 D,NO OVERPASS,,,,,,,,,,,
2024-10-28,UNIVERSITY 12 BATTERY,OVERPASS - NO USABLE DATA - CLOUDS,12:35:07,17:35:07,S2,,,,,,70.0,,
2024-10-28,UNIVERSITY 13 7R (1WP),OVERPASS - NO USABLE DATA - CLOUDS,12:34:52,17:34:52,S2,,,,,,20.0,,
2024-10-28,UNIVERSITY 2HR 6 BATTERY,OVERPASS - NO USABLE DATA - CLOUDS,12:35:07,17:35:07,S2,,,,,,35.0,,
2024-10-28,UNIVERSITY 40 CTB,OVERPASS - NO DETECTION,12:35:07,17:35:07,S2,,,,,,16.0,,
2024-10-28,UNIVERSITY 6-11 UNIT 101LS BATTERY,OVERPASS - NO USABLE DATA - CLOUDS,12:34:52,17:34:52,S2,,,,,,48.0,,
2024-10-28,UNIVERSITY 6-47 1 BATTERY,OVERPASS - NO USABLE DATA - CLOUDS,12:34:52,17:34:52,S2,,,,,,48.0,,
2024-10-28,UNIVERSITY 6-48 1 (1WP),OVERPASS - NO USABLE DATA - CLOUDS,12:34:52,17:34:52,S2,,,,,,48.0,,
2024-10-28,UNIVERSITY 6-48 2H (1WP),OVERPASS - NO USABLE DATA - CLOUDS,12:34:52,17:34:52,S2,,,,,,48.0,,
2024-10-28,UNIVERSITY 7 BATTERY,OVERPASS - NO USABLE DATA - CLOUDS,12:34:52,17:34:52,S2,,,,,,48.0,,
2024-10-28,UNIVERSITY 7-10 2 (1WP),OVERPASS - NO USABLE DATA - CLOUDS,12:35:07,17:35:07,S2,,,,,,70.0,,
2024-10-28,UNIVERSITY 7-10 2 PAD,OVERPASS - NO USABLE DATA - CLOUDS,12:35:07,17:35:07,S2,,,,,,70.0,,
2024-10-28,UNIVERSITY 7-10 3 (1WP),OVERPASS - NO USABLE DATA - CLOUDS,12:35:07,17:35:07,S2,,,,,,70.0,,
2024-10-28,UNIVERSITY 7-11 1 (1WP),OVERPASS - NO DETECTION,12:35:07,17:35:07,S2,,,,,,16.0,,
2024-10-28,UNIVERSITY 7-11 2 (1WP),OVERPASS - NO DETECTION,12:35:07,17:35:07,S2,,,,,,16.0,,
2024-10-28,UNIVERSITY 7-11 3 (1WP),OVERPASS - NO DETECTION,12:35:07,17:35:07,S2,,,,,,16.0,,
2024-10-28,UNIVERSITY 7-12 (1WP),OVERPASS - NO USABLE DATA - CLOUDS,12:34:52,17:34:52,S2,,,,,,20.0,,
2024-10-28,UNIVERSITY 7-12 PAD 4,OVERPASS - NO USABLE DATA - CLOUDS,12:34:52,17:34:52,S2,,,,,,20.0,,
2024-10-28,UNIVERSITY 7-13 1 PAD,OVERPASS - NO USABLE DATA - CLOUDS,12:34:51,17:34:51,S2,,,,,,39.0,,
2024-10-28,UNIVERSITY 7-13 H CTB,OVERPASS - NO USABLE DATA - CLOUDS,12:34:51,17:34:51,S2,,,,,,39.0,,
2024-10-28,UNIVERSITY 7-1302 H1MS (2WP),OVERPASS - NO USABLE DATA - CLOUDS,12:34:51,17:34:51,S2,,,,,,39.0,,
2024-10-28,UNIVERSITY 7-14 CTB,OVERPASS - NO USABLE DATA - CLOUDS,12:34:51,17:34:51,S2,,,,,,39.0,,
2024-10-28,UNIVERSITY 7-1627 S 2SS (4WP),OVERPASS - NO USABLE DATA - CLOUDS,12:34:51,17:34:51,S2,,,,,,39.0,,
2024-10-28,UNIVERSITY 7-17 H CTB,OVERPASS - DETECTION,12:35:07,17:35:07,S2,2529.57,2023.65,3035.48,32.405876351588134,-102.2107569232839,16.0,7.84,15.87
2024-10-28,UNIVERSITY 7-1716 CTB,OVERPASS - NO DETECTION,12:35:07,17:35:07,S2,,,,,,16.0,,
2024-10-28,UNIVERSITY 7-19 3 (1WP),OVERPASS - NO USABLE DATA - CLOUDS,12:35:07,17:35:07,S2,,,,,,70.0,,
2024-10-28,UNIVERSITY 7-19 4 PAD,OVERPASS - NO DETECTION,12:35:07,17:35:07,S2,,,,,,16.0,,
2024-10-28,UNIVERSITY 7-19 5 (1WP),OVERPASS - NO USABLE DATA - CLOUDS,12:35:07,17:35:07,S2,,,,,,70.0,,
2024-10-28,UNIVERSITY 7-2 CTB,OVERPASS - NO USABLE DATA - CLOUDS,12:34:51,17:34:51,S2,,,,,,39.0,,
2024-10-28,UNIVERSITY 7-26 CTB,OVERPASS - NO DETECTION,12:35:07,17:35:07,S2,,,,,,16.0,,
2024-10-28,UNIVERSITY 7-27 NORTH H CTB,OVERPASS - NO USABLE DATA - CLOUDS,12:35:05,17:35:05,S2,,,,,,47.0,,
2024-10-28,UNIVERSITY 7-27 SOUTH H CTB,OVERPASS - NO USABLE DATA - CLOUDS,12:35:05,17:35:05,S2,,,,,,47.0,,
2024-10-28,UNIVERSITY 7-2730 N (4WP),OVERPASS - NO USABLE DATA - CLOUDS,12:35:05,17:35:05,S2,,,,,,47.0,,
2024-10-28,UNIVERSITY 7-2730 N 09SA (1WP),OVERPASS - NO USABLE DATA - CLOUDS,12:35:05,17:35:05,S2,,,,,,47.0,,
2024-10-28,UNIVERSITY 7-2730 N 14 (4WP),OVERPASS - NO USABLE DATA - CLOUDS,12:35:05,17:35:05,S2,,,,,,47.0,,
2024-10-28,UNIVERSITY 7-28 CTB,OVERPASS - NO USABLE DATA - CLOUDS,12:35:05,17:35:05,S2,,,,,,47.0,,
2024-10-28,UNIVERSITY 7-30 CTB,OVERPASS - NO USABLE DATA - CLOUDS,12:35:05,17:35:05,S2,,,,,,47.0,,
2024-10-28,UNIVERSITY 7-30 H CTB,OVERPASS - NO USABLE DATA - CLOUDS,12:35:05,17:35:05,S2,,,,,,47.0,,
2024-10-28,UNIVERSITY 7-32 CTB,OVERPASS - NO DETECTION,12:35:07,17:35:07,S2,,,,,,16.0,,
2024-10-28,UNIVERSITY 7-5 1 (1WP),OVERPASS - NO USABLE DATA - CLOUDS,12:34:52,17:34:52,S2,,,,,,48.0,,
2024-10-28,UNIVERSITY 7-5 4 (1WP),OVERPASS - NO USABLE DATA - CLOUDS,12:34:52,17:34:52,S2,,,,,,48.0,,
2024-10-28,UNIVERSITY 7-5 8 PAD,OVERPASS - NO USABLE DATA - CLOUDS,12:35:07,17:35:07,S2,,,,,,70.0,,
2024-10-28,UNIVERSITY 8 BATTERY,OVERPASS - NO USABLE DATA - CLOUDS,12:35:07,17:35:07,S2,,,,,,70.0,,
2024-10-28,UNIVERSITY I BATTERY,OVERPASS - NO USABLE DATA - CLOUDS,12:35:07,17:35:07,S2,,,,,,70.0,,
2024-10-28,UNIVERSITY L1-I1 BATTERY,OVERPASS - NO USABLE DATA - CLOUDS,12:35:07,17:35:07,S2,,,,,,70.0,,
2024-10-28,UNIVERSITY LANDS 2631 (6WP),OVERPASS - NO DETECTION,12:35:07,17:35:07,S2,,,,,,16.0,,
2024-10-28,UNIVERSITY LANDS 7 25 PAD 1,OVERPASS - NO DETECTION,12:35:07,17:35:07,S2,,,,,,16.0,,
2024-10-28,UNIVERSITY LANDS 7 25 PAD 4,OVERPASS - NO DETECTION,12:35:07,17:35:07,S2,,,,,,16.0,,
2024-10-28,UNIVERSITY LANDS 7 31 PAD 5 (1WP),OVERPASS - NO DETECTION,12:35:07,17:35:07,S2,,,,,,16.0,,
2024-10-28,UNIVERSITY LANDS 7-10 PAD 2,OVERPASS - NO USABLE DATA - CLOUDS,12:35:07,17:35:07,S2,,,,,,70.0,,
2024-10-28,UNIVERSITY LANDS 7-13 2 (1WP),OVERPASS - NO USABLE DATA - CLOUDS,12:34:51,17:34:51,S2,,,,,,39.0,,
2024-10-28,UNIVERSITY LANDS 7-13 3 (1WP),OVERPASS - NO USABLE DATA - CLOUDS,12:34:51,17:34:51,S2,,,,,,39.0,,
2024-10-28,UNIVERSITY LANDS 7-13 5 PAD,OVERPASS - NO USABLE DATA - CLOUDS,12:34:51,17:34:51,S2,,,,,,39.0,,
2024-10-28,UNIVERSITY LANDS 7-13 6 (1WP),OVERPASS - NO USABLE DATA - CLOUDS,12:34:51,17:34:51,S2,,,,,,39.0,,
2024-10-28,UNIVERSITY LANDS 7-2631 05SB (1WP),OVERPASS - NO USABLE DATA - CLOUDS,12:35:05,17:35:05,S2,,,,,,47.0,,
2024-10-28,UNIVERSITY LANDS 7-2631 08SB (6WP),OVERPASS - NO DETECTION,12:35:07,17:35:07,S2,,,,,,16.0,,
2024-10-28,UNIVERSITY LANDS 7-2631 PAD 2 (7WP),OVERPASS - NO DETECTION,12:35:07,17:35:07,S2,,,,,,16.0,,
2024-10-28,UNIVERSITY LANDS 7-2631-02SC (4WP),OVERPASS - NO USABLE DATA - CLOUDS,12:35:05,17:35:05,S2,,,,,,47.0,,
2024-10-28,UNIVERSITY LANDS LEAFCUTTER A/B/C/D 1/2/3/4 LS,OVERPASS - NO USABLE DATA - CLOUDS,12:35:07,17:35:07,S2,,,,,,70.0,,
2024-10-28,UNIVERSITY LANDS MUSTANG 13,OVERPASS - NO USABLE DATA - CLOUDS,12:34:52,17:34:52,S2,,,,,,20.0,,
2024-10-28,UNIVERSITY MAK 101 BATTERY,OVERPASS - NO USABLE DATA - CLOUDS,12:34:51,17:34:51,S2,,,,,,39.0,,
2024-10-28,UPTON Z 1 BATTERY,OVERPASS - NO USABLE DATA - CLOUDS,12:35:07,17:35:07,S2,,,,,,21.0,,
2024-10-28,VANDENBERG EAST UNIT PAD 1,OVERPASS - NO USABLE DATA - CLOUDS,12:35:05,17:35:05,S2,,,,,,55.00000000000001,,
2024-10-28,VANDENBERG EAST UNIT PAD 2,OVERPASS - NO USABLE DATA - CLOUDS,12:35:05,17:35:05,S2,,,,,,55.00000000000001,,
2024-10-28,VANDENBERG H BATTERY,OVERPASS - NO USABLE DATA - CLOUDS,12:35:05,17:35:05,S2,,,,,,55.00000000000001,,
2024-10-28,VANDENBERG WEST 12-24 PAD,OVERPASS - NO USABLE DATA - CLOUDS,12:35:05,17:35:05,S2,,,,,,55.00000000000001,,
2024-10-28,VANDENBERG WEST 12-24 UNIT PAD 2,OVERPASS - NO USABLE DATA - CLOUDS,12:35:05,17:35:05,S2,,,,,,55.00000000000001,,
2024-10-28,VANDENBERG WEST 12-24 UNIT PAD 3,OVERPASS - NO USABLE DATA - CLOUDS,12:35:05,17:35:05,S2,,,,,,55.00000000000001,,
2024-10-28,VERMEJO  BATTERY,NO OVERPASS,,,,,,,,,,,
2024-10-28,VICTORY BATTERY,NO OVERPASS,,,,,,,,,,,
2024-10-28,"VINEYARD 23-8 A,B,C,D,E,F",OVERPASS - NO USABLE DATA - CLOUDS,12:34:51,17:34:51,S2,,,,,,39.0,,
2024-10-28,VINEYARD H BATTERY,OVERPASS - NO USABLE DATA - CLOUDS,12:34:51,17:34:51,S2,,,,,,39.0,,
2024-10-28,VINEYARD HZ B UNIT 0602DWA SL,OVERPASS - NO USABLE DATA - CLOUDS,12:34:51,17:34:51,S2,,,,,,39.0,,
2024-10-28,"VINEYARD HZ L UNIT 9701-WA,LS,MS",OVERPASS - NO USABLE DATA - CLOUDS,12:34:51,17:34:51,S2,,,,,,39.0,,
2024-10-28,"VINEYARD HZ L UNIT 9703-LS,MS,WA",OVERPASS - NO USABLE DATA - CLOUDS,12:34:51,17:34:51,S2,,,,,,39.0,,
2024-10-28,VINEYARD PAD 1,OVERPASS - NO USABLE DATA - CLOUDS,12:34:51,17:34:51,S2,,,,,,39.0,,
2024-10-28,VOLUNTEER ST 54-36 BATTERY,NO OVERPASS,,,,,,,,,,,
2024-10-28,W H 48 BATTERY,OVERPASS - NO DETECTION,12:34:51,17:34:51,S2,,,,,,16.0,,
2024-10-28,WALER STATE BATTERY,NO OVERPASS,,,,,,,,,,,
2024-10-28,WALKALOOSA 1/2/5 (3WP),NO OVERPASS,,,,,,,,,,,
2024-10-28,WALKER 14 BATTERY,OVERPASS - NO USABLE DATA - CLOUDS,12:35:05,17:35:05,S2,,,,,,94.0,,
2024-10-28,WALKER PAD A,OVERPASS - NO USABLE DATA - CLOUDS,12:35:05,17:35:05,S2,,,,,,94.0,,
2024-10-28,WALKER PAD B,OVERPASS - NO USABLE DATA - CLOUDS,12:35:05,17:35:05,S2,,,,,,55.00000000000001,,
2024-10-28,WALKER PAD C,OVERPASS - NO USABLE DATA - CLOUDS,12:35:05,17:35:05,S2,,,,,,55.00000000000001,,
2024-10-28,WARE 30 BATTERY,OVERPASS - NO DETECTION,12:35:05,17:35:05,S2,,,,,,0.0,,
2024-10-28,WATCHMAN 30-26 1/2/3/4/5 (5WP),NO OVERPASS,,,,,,,,,,,
2024-10-28,WATCHMAN 30-26 1BS/2BS (2WP),NO OVERPASS,,,,,,,,,,,
2024-10-28,WEAVER BATTERY,OVERPASS - NO USABLE DATA - CLOUDS,12:35:05,17:35:05,S2,,,,,,100.0,,
2024-10-28,WEBSTER BATTERY,OVERPASS - NO USABLE DATA - CLOUDS,12:35:05,17:35:05,S2,,,,,,91.0,,
2024-10-28,WELCH E BATTERY,OVERPASS - NO USABLE DATA - CLOUDS,12:35:05,17:35:05,S2,,,,,,83.0,,
2024-10-28,WELCH F BATTERY,OVERPASS - NO USABLE DATA - CLOUDS,12:35:05,17:35:05,S2,,,,,,83.0,,
2024-10-28,WEST PARKS 5 (752) BATTERY,OVERPASS - NO USABLE DATA - CLOUDS,12:35:07,17:35:07,S2,,,,,,31.0,,
2024-10-28,WESTLAW H BATTERY,OVERPASS - NO USABLE DATA - CLOUDS,12:35:05,17:35:05,S2,,,,,,100.0,,
2024-10-28,WHIRLAWAY 100 BATTERY,NO OVERPASS,,,,,,,,,,,
2024-10-28,WHIRLAWAY 99 BATTERY,NO OVERPASS,,,,,,,,,,,
2024-10-28,WHITTEN -9- (769) BATTERY,OVERPASS - NO USABLE DATA - CLOUDS,12:35:05,17:35:05,S2,,,,,,100.0,,
2024-10-28,WILBANKS -16A- BATTERY,OVERPASS - NO USABLE DATA - CLOUDS,12:35:05,17:35:05,S2,,,,,,55.00000000000001,,
2024-10-28,WILBANKS -C- BATTERY,OVERPASS - NO USABLE DATA - CLOUDS,12:35:05,17:35:05,S2,,,,,,23.0,,
2024-10-28,WILBANKS 14 BATTERY,OVERPASS - NO USABLE DATA - CLOUDS,12:35:05,17:35:05,S2,,,,,,55.00000000000001,,
2024-10-28,WILBANKS 15 BATTERY,OVERPASS - NO USABLE DATA - CLOUDS,12:35:05,17:35:05,S2,,,,,,55.00000000000001,,
2024-10-28,WILBANKS 16 BATTERY,OVERPASS - NO USABLE DATA - CLOUDS,12:35:05,17:35:05,S2,,,,,,23.0,,
2024-10-28,WILBANKS 17 BATTERY,OVERPASS - NO USABLE DATA - CLOUDS,12:35:05,17:35:05,S2,,,,,,55.00000000000001,,
2024-10-28,WILBANKS 45-53 PAD 1,OVERPASS - NO USABLE DATA - CLOUDS,12:35:05,17:35:05,S2,,,,,,23.0,,
2024-10-28,WILBANKS 45-53 PAD 3,OVERPASS - NO USABLE DATA - CLOUDS,12:35:05,17:35:05,S2,,,,,,23.0,,
2024-10-28,WILBANKS 45-53 PAD 4,OVERPASS - NO USABLE DATA - CLOUDS,12:35:05,17:35:05,S2,,,,,,23.0,,
2024-10-28,WILBANKS 53 BATTERY,OVERPASS - NO USABLE DATA - CLOUDS,12:35:05,17:35:05,S2,,,,,,23.0,,
2024-10-28,WILBANKS SN 16-15 BATTERY,OVERPASS - NO USABLE DATA - CLOUDS,12:35:05,17:35:05,S2,,,,,,23.0,,
2024-10-28,WILBANKS SN 45-53 MSTR OT BATTERY,OVERPASS - NO USABLE DATA - CLOUDS,12:35:05,17:35:05,S2,,,,,,23.0,,
2024-10-28,WILLOW LAKE 391 BATTERY,OVERPASS - NO USABLE DATA - CLOUDS,12:35:05,17:35:05,S2,,,,,,97.0,,
2024-10-28,WILLOW LAKE 392 BATTERY,OVERPASS - NO USABLE DATA - CLOUDS,12:35:05,17:35:05,S2,,,,,,97.0,,
2024-10-28,WILSON 1 BATTERY,OVERPASS - NO USABLE DATA - CLOUDS,12:35:05,17:35:05,S2,,,,,,91.0,,
2024-10-28,WILSON 8 BATTERY,NO OVERPASS,,,,,,,,,,,
2024-10-28,WINSTON 31-43 PAD,OVERPASS - NO USABLE DATA - CLOUDS,12:35:05,17:35:05,S2,,,,,,91.0,,
2024-10-28,WK 18 1 BATTERY,OVERPASS - NO USABLE DATA - CLOUDS,12:35:05,17:35:05,S2,,,,,,23.0,,
2024-10-28,WOLCOTT CAMPBELL H BATTERY,OVERPASS - NO USABLE DATA - CLOUDS,12:35:05,17:35:05,S2,,,,,,96.0,,
2024-10-28,WOODSHED BATTERY,NO OVERPASS,,,,,,,,,,,
2024-10-28,WORSHAM 1405 BATTERY,NO OVERPASS,,,,,,,,,,,
2024-10-28,WORSHAM 6-13 H BATTERY,NO OVERPASS,,,,,,,,,,,
2024-10-28,WORSHAM 6-14 H BATTERY,NO OVERPASS,,,,,,,,,,,
2024-10-28,WORSHAM 6-15 H BATTERY,NO OVERPASS,,,,,,,,,,,
2024-10-28,WOVOKA CARLILE CTB,OVERPASS - NO USABLE DATA - CLOUDS,12:35:05,17:35:05,S2,,,,,,56.00000000000001,,
2024-10-28,WRAY BATTERY,NO OVERPASS,,,,,,,,,,,
2024-10-28,XANADU 31 1H BATTERY,OVERPASS - NO USABLE DATA - CLOUDS,12:35:07,17:35:07,S2,,,,,,48.0,,
2024-10-28,XANADU 31 1H WELL PAD,OVERPASS - NO USABLE DATA - CLOUDS,12:35:07,17:35:07,S2,,,,,,48.0,,
2024-10-28,"YATER, MILT (810) BATTERY",OVERPASS - NO USABLE DATA - CLOUDS,12:35:05,17:35:05,S2,,,,,,100.0,,
2024-10-28,YELLOW JACKET 1-70 BATTERY,NO OVERPASS,,,,,,,,,,,
2024-10-28,ZAUK 39 1H BATTERY,NO OVERPASS,,,,,,,,,,,
2024-10-28,ZAUK STATE 39-37 (5WP),NO OVERPASS,,,,,,,,,,,
2024-10-28,ZEBCO 27-39 EAST PAD,OVERPASS - NO USABLE DATA - CLOUDS,12:35:05,17:35:05,S2,,,,,,56.00000000000001,,
2024-10-28,ZEBCO 27-39 PAD,OVERPASS - NO USABLE DATA - CLOUDS,12:35:05,17:35:05,S2,,,,,,56.00000000000001,,
2024-10-28,ZEBCO 27-39 WEST PAD,OVERPASS - NO USABLE DATA - CLOUDS,12:35:05,17:35:05,S2,,,,,,56.00000000000001,,
2024-10-28,ZIMMERMAN 1,OVERPASS - NO USABLE DATA - CLOUDS,12:35:05,17:35:05,S2,,,,,,91.0,,
2024-10-28,ZOLLER BATTERY,NO OVERPASS,,,,,,,,,,,
